order,date,author,title,published,pages,favorite,
1.,Jun 1968,Jean-Jacques Rousseau,The Confessions ,1781,606 pp.,true,
2.,Jun 1968,Erich Fromm,The Art of Loving ,1956,146 pp.,true,
3.,Jun 1968,Mark Twain,The Adventures of Huckleberry Finn,,288 pp.,,
4.,Jul 1968,James Thurber,My Life and Hard Times,1933,115 pp.,,
5.,Jul 1968,William Shakespeare,Romeo and Juliet,1596,146 pp.,,
6.,Aug 1968,John Barth,The End of the Road,1958,206 pp.,,
7.,Sept 1968,Aldous Huxley,Brave New World,1932,199 pp.,,
8.,Sept 1968,Fritz Peters,Boyhood with Gurdjieff,1964,174 pp.,,
9.,Oct 1968,P.D. Ouspensky,In Search of the Miraculous ,1949,389 pp.,true,
10.,Nov 1968,Russell H. Miles,"Johann Sebastian Bach, an Introduction to his Life and Works",1962,164 pp.,,
11.,Dec 1968,Hunter Davies,The Beatles,1968,340 pp.,,
12.,Dec 1968,P.D. Ouspensky,The Strange Life of Ivan Osokin,1955,166 pp.,,
13.,Jan 1969,René Daumal,Mount Analogue,1952,106 pp.,,
14.,Jan 1969,Bernard Malamud,The Assistant,1957,192 pp.,,
15.,Jan 1969,C.G. Jung,"Memories, Dreams, Reflections",1961,359 pp.,,
16.,Jan 1969,Philip Roth,"Goodbye, Columbus",1959,97 pp.,,
17.,Feb 1969,Malcolm X and Alex Haley,Autobiography,1964,460 pp.,,
18.,Feb 1969,"Jule Eisenbud, M.D.",The World of Ted Serios,1968,339 pp.,,
19.,Feb 1969,Penelope Gilliatt,A State of Change,1967,221 pp.,,
20.,Feb 1969,Oscar Wilde,The Picture of Dorian Gray,1891,234 pp.,,
21.,Feb 1969,Joseph Heller,Catch 22,1961,463 pp.,,
22.,Feb 1969,Voltaire,Candide,1758,144 pp.,,
23.,Feb 1969,F. Scott Fitzgerald,The Great Gatsby,1925,182 pp.,,
24.,Feb 1969,L.N. Tolstoy,War and Peace ,1869,1444 pp.,true,
25.,May 1969,Philip Roth,Portnoy's Complaint ,1969,274 pp.,true,
26.,May 1969,George Orwell,Down and Out in Paris and London ,1933,155 pp.,,
27.,Jun 1969,Fyodor Dostoyevsky,The Brothers Karamazov,1881,701 pp.,,
28.,Jun 1969,Norman Podhoretz,Making It,1967,262 pp.,,
29.,Jun 1969,Rodney Collin,The Theory of Eternal Life,1948,123 pp.,,
30.,Jun 1969,Norman Mailer,Miami and the Siege of Chicago,1968,223 pp.,,
31.,Jul 1969,G.I. Gurdjieff,Meetings with Remarkable Men,1927,303 pp.,,
32.,Jul 1969,William Shakespeare,Hamlet,1602,,,
33.,Aug 1969,James Simon Kunen,The Strawberry Statement,1969,151 pp.,,
34.,Sept 1969,Emily Brontë,Wuthering Heights ,1847,320 pp.,true,
35.,Jan 1970,Herman Melville,Moby Dick,1851,535 pp.,,
36.,Jan 1970,Johann Wolgang Goethe,The Sorrows of Young Werther ,1774,199 pp.,true,
37.,Feb 1970,Jean-Paul Sartre,Nausea,1938,253 pp.,,
38.,Mar 1970,Garrett Mattingly,The Armada ,1959,402 pp.,true,
39.,Apr 1970,Honoré de Balzac,Eugénie Grandet,1833,248 pp.,,
40.,Apr 1970,Bertrand Russell,The Conquest of Happiness,1930,180 pp.,,
41.,May 1970,Margaret Mead,Culture and Commitment,1970,97 pp.,,
42.,Jul 1970,Jane Austen,Sense and Sensibility,1811,349 pp.,,
43.,Aug 1970,L.N. Tolstoy,"Childhood, Boyhood, Youth",1857,319 pp.,,
44.,Sep 1970,Norman Zierold,Garbo,1969,157 pp.,,
45.,Oct 1970,Joan Didion,Play It as It Lays,1970,,,
46.,Oct 1970,Anais Nin,Diary,1934,358 pp.,,
47.,Nov 1970,André Gide,The Counterfeiters,1927,397 pp.,,
48.,Dec 1970,Gustave Flaubert,Sentimental Education,1869,419 pp.,,
49.,Jan 1971,Joseph Conrad,Lord Jim,1900,313 pp.,,
50.,Jan 1971,William Shakespeare,Othello,1602,128 pp.,,
51.,Feb 1971,Thomas Mann,Buddenbrooks,1901,595 pp.,,
52.,Mar 1971,Bill Moyers,Listening to America ,1971,342 pp.,true,
53.,Ap. 1971,Alvin Toffer,Future Shock,1970,430 pp.,,
54.,Jun 1971,Jerzy Kosinski,Being There,1971,140 pp.,,
55.,Juy 1971,Charlotte Brontë,Jane Eyre ,1847,477 pp.,true,
56.,Aug 1971,William Shakespeare,King Lear,1605,138 pp.,,
57.,Aug 1971,Johann Wolfgang Goethe,Elective Affinities,1809,300 pp.,,
58.,Sep 1971,William J. Mitchell,Elementary Harmony,1965,230 pp.,,
59.,Oct 1971,Edmund S. Morgan,The Birth of the Republic,1956,157 pp.,,
60.,Nov 1971,Kenneth A. Lockridge,"A New England Town, the First One Hundred Years",1969,180 pp.,,
61.,Dec 1971,Mary Renault,The Charioteer,1961,347 pp.,,
62.,Jan 1972,L.N. Tolstoy,Anna Karenina ,1873,852 pp.,true,
63.,Feb 1972,Milovan Djilas,The New Class,1957,214 pp.,,
64.,Mar 1972,Albert Schweitzer,"J.S. Bach, Vol. 1 ",1911,428 pp.,true,
65.,Apr 1972,Alan Watts,The Wisdom of Insecurity,1951,152 pp.,,
66.,Aug.1972,Larry McMurtry,All My Friends are Going to Be Strangers,1972,286 pp.,,
67.,Sep 1972,Richard Bach,Jonathan Livingston Seagull,1970,93 pp.,,
68.,Oct 1972,Thomas Wolfe,Look Homeward Angel,1929,522 pp.,,
69.,Oct 1972,Alan Moorehead,Darwin and the Beagle,1969,270 pp.,,
70.,Feb 1973,Charles Dickens,David Copperfield,,850 pp.,,
71.,Apr 1973,Charles Dickens,American Notes,1842,320 pp.,,
72.,Jun 1973,W.J. Cash,The Mind of the South,1941,440 pp.,,
73.,Jun 1973,William Faulkner,The Wild Palms,1939,,,
74.,Jul 1973,Thomas Hardy,Tess of the D'Urbervilles,1902,517 pp.,,
75.,Aug 1973,Irving Bieber,"Homosexuality, a Psychoanalytic Survey",1955,319 pp.,,
76.,Aug 1973,André Gide,The Immoralist,1903,171 pp.,,
77.,Sep 1973,Dee Brown,Bury My Heart at Wounded Knee,1971,421 pp.,,
78.,Oct 1973,Gabriel Garcia Marques,One Hundred Years of Solitude,1970,383 pp.,,
79.,Oct 1973,Jane Austen,Pride and Prejudice ,1797,430 pp.,true,
80.,Nov 1973,Sarah N. Randolph,The Domestic Life of Thomas Jefferson,1939,384 pp.,,
81.,Nov 1973,Daniel Boorstin,The Lost World of Thomas Jefferson,1948,248 pp.,,
82.,Dec 1973,Peter McCabe and Robert D. Schonfeld,Apple to the Core,1972,200 pp.,,
83.,Dec 1973,E.N. da C. Andrade,"Sir Isaac Newton, His Life and Work",1954,136 pp.,,
84.,Dec 1973,John Kenneth Galbraith,Economics and the Public Purpose,1973,324 pp.,,
85.,Dec 1973,Anne F. Scott,The Southern Lady,1970,231 pp.,,
86.,Jan 1974,Georges Lefebvre,The Coming of the French Revolution,1947,220 pp.,,
87.,Feb 1974,Konrad Lorenz,On Aggression,1966,290 pp.,,
88.,Feb 1974,Bette Davis,The Lonely Life,1962,254 pp.,,
89.,Mar 1974,Merle Miller,"Plain Speaking, an Oral Biography of Harry S. Truman",1973,432 pp.,,
90.,Mar 1974,Vladimir Nabokov,Transparent Things,1972,158 pp.,,
91.,Apr 1974,Jane Austen,Persuasion,1818,254 pp.,,
92.,Apr 1974,Jim Bouton,Ball Four,1970,369 pp.,,
93.,May 1974,Bruce Catton,This Hallowed Ground,1956,495 pp.,,
94.,May 1974,Jan Morris,Conundrum,1974,174 pp.,,
95.,Jul 1974,Constantine Fitzgibbon,The Life of Dylan Thomas,1965,346 pp.,,
96.,Aug 1974,Chogyam Thungpa,Cutting Through Spiritual Materialism,,,,
97.,Aug 1974,Peter Benchley,Jaws,1974,272 pp.,,
98.,Aug 1974,Carlos Castaneda,Journey to Ixtlan,1972,315 pp.,,
99.,Aug 1974,Chaim Potok,The Chosen,,,,
100.,Oct 1974,Sir Arthur Conan Doyle,The Adventures of Sherlock Holmes ,1892,248 pp.,true,
101.,Oct 1974,Richard Hofstadter,America at 1750,1973,292 pp.,,
102.,Nov 1974,Graham Greene,The End of the Affair,1951,240 pp.,,
103.,Dec 1974,Clive Davis,"Clive, Inside the Record Business",1974,291 pp.,,
104.,Feb 1975,Robert A. Caro,The Power Broker ,1974,1162 pp.,true,
105.,Jun 1975,Henry James,Portrait of a Lady ,1881,545 pp.,true,
106.,Sep 1975,Nicholas Meyer,The Seven Per-Cent Solution,1974,234 pp.,,
107.,Jan 1976,William M. Thackeray,Memoirs of Barry Lyndon,1854,324 pp.,,
108.,Feb 1976,"Kurt Vonnegut, Jr.",Breakfast of Champions,1973,295 pp.,,
109.,Mar 1976,F. Scott Fitzgerald,The Last Tycoon,1941,163 pp.,,
110.,Apr 1976,Rollo May,The Courage to Create,1975,140 pp.,,
111.,Apr 1976,Aaron Coplan,Coplan on Music,1944-60,280 pp.,,
112.,Jul 1976,Harold Mattingly,The Man in the Roman Street,1966,156 pp.,,
113.,Dec 1976,Curtis Cate,George Sand,1975,732 pp.,,
114.,Dec 1976,John S. Shelton,Geology Illustrated ,1966,424 pp.,true,
115.,Dec 1976,Saul Bellow,To Jerusalem and Back,1976,182 pp.,,
116.,Jan 1977,Saul Bellow,Humboldt's Gift ,1973,472 pp.,true,
117.,Feb 1977,Robert Wm. Fogel and Stanley L. Engerman,"Time On the Cross, the Economics of American Negro Slavery",1974,264 pp.,,
118.,Feb 1977,Colin McEvedy,The Penguin Atlas of Medieval History,1961,90 pp.,,
119.,Feb 1977,R.D. Laing,Do You Love Me?,1976,86 pp.,,
120.,Feb 1977,C.G. Jung,The Undiscovered Self,1957,125 pp.,,
121.,May 1977,C.G. Jung,Modern Man in Search of a Soul ,1933,244 pp.,true,
122.,May 1977,Charles Chaplin,My Autobiography ,1964,497 pp.,true,
123.,May 1977,Margaret Drabble,A Summer Bird-Cage,1963,208 pp.,,
124.,Jun 1977,Arthur C. Clarke,Childhood's End,1953,218 pp.,,
125.,Jul 1977,Henry James,The Europeans,1878,173 pp.,,
126.,Sep 1977,Stephen King,The Shining ,1977,447 pp.,true,
127.,Aug 1977,Henry James,The Ambassadors,1903,397 pp.,,
128.,Jun 1977,Bulfinch,Mythology ,1855,236 pp.,true,
129.,Nov 1977,Gail Sheehy,Passages,1976,514 pp.,,
130.,Dec 1977,William Shakespeare,Richard III,1595,148 pp.,,
131.,Dec 1977,J. Hector St. John de Crevecoeur,Letters from an American Farmer,1782,225 pp.,,
132.,Mar 1978,Norman Mailer,"Genius and Lust, a Journey through the Major Writings of Henry Miller",1976,476 pp.,,
133.,Apr 1978,Charles Darwin,The Origin of Species ,1859,460 pp.,true,
134.,Apr 1978,Robert M. Pirsig,Zen and the Art of Motorcycle Maintenance ,1974,406 pp.,true,
135.,May 1978,Erik Erikson,Childhood and Society ,1950,424 pp.,true,
136.,May 1978,Marcel Proust,Swann's Way ,1928,325 pp.,true,
137.,May 1978,,"Chapters in Western Civilization, Vol. 1",1954,545 pp.,,
138.,Jun 1978,Plato,"The Last Days of Socrates, Euthyphro, The Apology, Crito, Phaedo ",390b.c.,199 pp.,true,
139.,Jun 1978,Chie Nakane,Japanese Society,1970,151 pp.,,
140.,Jun 1978,Homer,The Iliad,730b.c.,459 pp.,,
141.,Jun 1978,Plato,The Symposium,385b.c.,122 pp.,,
142.,Aug 1978,Fyodor Dostoevsky,The Idiot ,,642 pp.,true,
143.,Sep 1978,Lytton Strachey,Eminent Victorians,,338 pp.,,
144.,Sep 1978,Robertson Davies,Fifth Business ,1970,268 pp.,true,
145.,Nov 1978,A.J.P. Taylor,The Second World War,1975,235 pp.,,
148.,Feb 1979,John McPhee,Coming Into the Country,1976,438 pp.,,
149.,Mar 1979,William Manchester,The Glory and the Dream,1974,1302 pp.,,
150.,May 1979,L.N. Tolstoy,Ressurrection,1899,568 pp.,,
151.,Jun 1979,Paul Bowles,The Sheltering Sky,1949,305 pp.,,
152.,Jun 1979,Joseph Conrad,Heart of Darkness,1902,111 pp.,,
153.,Jul 1979,Yukio Mishima,Spring Snow,1968,376 pp.,,
154.,Jul 1979,James Joll,European History since 1870,1973,486 pp.,,
155.,Aug 1979,Norman Mailer,Marilyn,1974,262 pp.,,
156.,Aug 1979,Jean Rhys,"Good Morning, Midnight ",1974,190 pp.,true,
157.,Aug 1979,John Irving,The World According to Garp,1976,609 pp.,,
158.,Sep 1979,Plato,"The Protagoras, The Meno","430, 402b.c.",157 pp.,,
159.,Sep 1979,Richard Price,Ladies' Man ,1978,264 pp.,true,
160.,Sep 1979,James M. Cain,The Postman Always Rings Twice,1934,120 pp.,,
161.,Sep 1979,Jean Rhys,Voyage in the Dark ,1934,159 pp.,true,
162.,Sep 1979,Adam Smith,The Wealth of Nations,1776,347 pp.,,
163.,Nov 1979,John C. Brandt and Stephen P. Maran,New Horizons in Astronomy,1979,533 pp.,,
164.,Nov 1979,Margaret Mead,Male and Female,1949,344 pp.,,
165.,Nov 1979,Friedrich Nietzsche,Ecco Homo,1888,134 pp.,,
166.,Nov 1979,A. Alvarez,The Savage God,1971,272 pp.,,
167.,Nov 1979,Thomas Hardy,Jude the Obscure ,1896,511 pp.,true,
168.,Dec 1979,George Santayana,The Sense of Beauty,1896,164 pp.,,
169.,Dec 1979,Jonathan Swift,Gulliver's Travels ,1726,360 pp.,true,
170.,Dec 1979,W.B. Yeats,Autobiography,1922,387 pp.,,
171.,Dec 1979,John Reed,Ten Days that Shook the World,1926,351 pp.,,
172.,Jan 1980,Isaac Bashevis Singer,The Slave ,1962,287 pp.,true,
173.,Jan 1980,John Dewey,Liberalism and Social Action,1935,93 pp.,,
174.,Jan 1980,Studs Turkel,Working,1972,762 pp.,,
175.,Feb 1980,Charles Dickens,Great Expectations,1861,512 pp.,,
176.,Jul 1980,Jean-Jacques Rousseau,"Botany, a study of pure curiosity",1781,122 pp.,,
177.,Jul 1980,Henry James,The American,1875,325 pp.,,
178.,Jul 1980,Len Jenkin,New Jerusalem,Unpublished,204 pp.,,
179.,Sep 1980,Jean Dorst,"The Life of Birds, vol. 1 ",1971,341 pp.,true,
180.,Sep 1980,Marcel Proust,Within a Budding Grove ,1920,386 pp.,true,
181.,Oct 1980,Lester C. Thurow,The Zero-Sum Society,1980,214 pp.,,
182.,Nov 1980,John Huston,An Open Book,1980,373 pp.,,
183.,Nov 1980,Mordecai Richler,"Joshua, Then and Now",1980,435 pp.,,
184.,Jan 1981,W.X.C. Guthrie,Socrates,1969,187 pp.,,
185.,Jan 1981,Jonathan Miller,The Body in Question,1978,341 pp.,,
186.,Feb 1981,Edward Gibbon,The Decline and Fall of the Roman Empire (Abridged) ,1787,713 pp.,true,
187.,Feb 1981,J.P. Donleavy,"The Destinies of Darcy Dancer, Gentleman ",1977,402 pp.,true,
188.,Mar 1981,James Joyce,A Portrait of the Artist as a Young Man ,1916,253 pp.,true,
189.,Mar 1981,John Steinbeck,The Acts of King Arthur and His Noble Knights,1976,349 pp.,,
190.,Jun 1981,J.D. Salinger,"uncollected short stories, vol. 2 (containing ""The Inverted Forest"")",Unpublished 1947,107 pp.,,
191.,Jun 1981,Gary Zukav,The Dancing Wu Li Masters ,1979,332 pp.,true,
192.,Jun 1981,Johann Wolfgang Goethe,Faust (part one),1805,197 pp.,,
193.,Jul 1981,David Halberstam,The Powers That Be ,1979,1027 pp.,true,
194.,Jul 1981,Laurie Lee,As I Walked Out One Midsummer Morning,1969,186 pp.,,
195.,Jul 1981,Benvenuto Cellini,Autobiography,1562,397 pp.,,
196.,Aug 1981,Isaac Bashevis Singer,Lost in America,1981,259 pp.,,
197.,Sep 1981,Charles Dickens,Nicholas Nickleby,1839,934 pp.,,
198.,Oct 1981,Jack London,Martin Eden,1909,348 pp.,,
199.,Oct 1981,Henry James,Washington Square,1880,174 pp.,,
200.,Oct 1981,Aristotle,On Poetry and Style,c.350b.c.,106 pp.,,
201.,Oct 1981,Saint Augustine,Confessions ,398a.d.,347 pp.,true,
202.,Nov 1981,Joan Edelman Spero,The Politics of International Economic Relations,1981,334 pp.,,
203.,Nov 1981,Francois Rabelais,Gargantua and Pantagruel,1534,712 pp.,,
204.,Dec 1981,David Halberstam,The Breaks of the Game,1981,360 pp.,,
205.,Dec 1981,Immanuel Kant,Foundations of the Metaphysics of Morals,1785,92 pp.,,
206.,Dec 1981,Einhard,The Life of Charlemagne,830,67 pp.,,
207.,Jan 1982,David Hume,An Enquiry Concerning Human Understanding,1748,124 pp.,,
208.,Jan 1982,Miguel de Cervantes Saavedra,Don Quixote ,1604,940 pp.,true,
209.,Jan 1982,Virginia Woolf,A Room of One's Own ,1929,118 pp.,true,
210.,Jan 1982,Gustave Flaubert,The Dictionary of Accepted Ideas,c.1882,92 pp.,,
211.,Feb 1982,Baldesar Castiglione,The Book of the Courtier ,1518,345 pp.,true,
212.,Feb 1982,Charles Major,When Knighthood Was in Flower,1898,294 pp.,,
213.,Feb 1982,Giovanni Pico della Mirandola,Oration on the Dignity of Man,1487,69 pp.,,
214.,Feb 1982,"David C. Gompert, Michael Mandelbaum, Richard L. Garwin, John H. Barton",Nuclear Weapons and World Politics,1977,354 pp.,,
215.,Mar 1982,D.M. Thomas,The White Hotel ,1981,240 pp.,true,
216.,Mar 1982,"Willard Gaylin, Ira Glasser, Steven Marcus, David Rochman",Doing Good(The Limits of Benevolence),1978,168 pp.,,
217.,Apr 1982,Jane Austen,Emma,1816,471 pp.,,
218.,Apr 1982,John Calvin,On God and Political Duty,1535 (and 1561),121 pp.,,
219.,Apr 1982,Leon Edel,Henry James - The Middle Years: 1882--1895 ,1962,389 pp.,true,
220.,May 1982,Milan Kundera,The Book of Laughter and Forgetting,1980,237 pp.,,
221.,May 1982,Yukio Mishima,Runaway Horses,1969,423 pp.,,
222.,May 1982,Albert Einstein,The World As I See It,c.1932,112 pp.,,
223.,May 1982,Ivan Turgenev,First Love,1860,107 pp.,,
224.,May 1982,Vincent Wright,The Government and Politics of France,1978,253 pp.,,
225.,May 1982,Jean Rhys,Wide Sargasso Sea,1966,156 pp.,,
226.,May 1982,Lionel Trilling,Sincerity and Authenticity,1971,158 pp.,,
227.,May 1982,Christopher Isherwood,Prater Violet,1945,160 pp.,,
228.,Jun 1982,Johan Huizinga,The Waning of the Middle Ages ,1919,335 pp.,true,
229.,Jun 1982,Honoré de Balzac,The Black Sheep ,1842,339 pp.,true,
230.,Jun 1982,Martin Buber,On Judaism,1909 to 1951,231 pp.,,
231.,Jun 1982,David Sylvester,Napoleon and the French Empire,1978,90 pp.,,
232.,Jul 1982,Robert S. Lopez,The Three Ages of the Italian Renaissance,1970,74 pp.,,
233.,Jul 1982,Marie Sandoz,Crazy Horse,1942,413 pp.,,
234.,Aug 1982,David McClintick,Indecent Exposure,1982,521 pp.,,
235.,Sep 1982,Fyodor Dostoevsky,The Adolescent,1874,599 pp.,,
236.,Oct 1982,Robert Graves,Goodbye to All That,1929,347 pp.,,
237.,Oct 1982,Robert G. Weisbord,Ebony Kinship ,1973,220 pp.,true,
238.,Oct 1982,Marc Bloch,Feudal Society Vol. 1,1940,279 pp.,,
239.,Nov 1982,John Updike,Bech is Back,1982,195 pp.,,
240.,Dec 1982,,The Book of Job,,63 pp.,,
241.,Dec 1982,Robin Lane Fox,The Search for Alexander,1980,441 pp.,,
242.,Dec 1982,James Joyce,Stephen Hero,1906,253 pp.,,
243.,Dec 1982,William Shakespeare,Antony and Cleopatra,1607,133 pp.,,
244.,Dec 1982,Lawrence Durrell,Justine,1957,245 pp.,,
245.,Feb 1983,William James,The Varieties of Religious Experience ,1902,500 pp.,true,
246.,Feb 1983,André Breton,Nadja,1928,160 pp.,,
247.,Feb 1983,Stephen Jay Gould,Ever Since Darwin,1977,271 pp.,,
248.,Feb 1983,Mikhail Bulgakov,The Master and Margarita,1940,402 pp.,,
249.,Mar 1983,John Le Carré,"Tinker, Tailor, Soldier, Spy",1974,317 pp.,,
250.,Mar 1983,Thornton Wilder,The Bridge of San Luis Rey ,1927,124 pp.,true,
251.,Apr 1983,51 writers (a source book),"Introduction to Contemporary Civilization in the West, Vol. 1",,880 pp.,,
252.,May 1983,Jean-Jacques Rousseau,The Confessions,1781,606 pp.,,
253.,May 1983,Tom Wolfe,The Painted Word,1975,120 pp.,,
254.,Jun 1983,Patrick Humphries,Bookends - The Simon and Garfunkel Story,1982,186 pp.,,
255.,Jun 1983,Emil Ludwig,Napoleon ,1926,682 pp.,true,
256.,Jul 1983,Jean-Jacques Rousseau,The Social Contract and Discourse on the Origin of Inequality,1762 and 1755,226 pp.,,
257.,Aug 1983,Arnt Eliassen and Kaare Pedersen,"Meteorology, an Introductory Course, Vol. 1 chapters 1, 2, 3",1977,135 pp.,,
258.,Aug 1983,Jean-Jacques Rousseau,Reveries of the Solitary Walker,1778,155 pp.,,
259.,Aug 1983,Henry David Thoreau,Walden ,1854,247 pp.,true,
260.,Aug 1983,Peter Gay,The Enlightenment (The Rise of Modern Paganism) ,1966,419 pp.,true,
261.,Aug 1983,Plutarch,Makers of Rome (from Lives),c.100a.d.,366 pp.,,
262.,Se. 1983,Basho,The Narrow Road to the Deep North and other travel sketches,1670-90,147 pp.,,
263.,Sep 1983,W. Somerset Maugham,The Razor's Edge ,1944,314 pp.,true,
264.,Sep 1983,Aaron Copland,Copland on Music,1944--59,280 pp.,,
265.,Sep 1983,Moliere,'The Misanthrope' (a play),1666,55 pp.,,
266.,Sep 1983,Dylan Thomas,Portrait of the Artist as a Young Dog,1940,128 pp.,,
267.,Sep 1983,Isaac Asimov,The Human Body,1963,309 pp.,,
268.,Sep 1983,Vladimir Nabokov,Lectures on Literature ,1980,382 pp.,true,
269.,Sep 1983,Aeschylus,The Oresteian Trilogy,c.480b.c.,203 pp.,,
270.,Oct 1983,Sophocles,'Electra' (a play),435b.c.,55 pp.,,
271.,Oct 1983,William Shakespeare,'Trolius and Cressida',1602,152 pp.,,
272.,Oct 1983,Cicero,Selected Works,c. 60b.c.,160 pp.,,
273.,Nov 1983,Elie Wiesel,The Testament,1981,261 pp.,,
274.,Nov 1983,Tom Stoppard,"'Albert's Bridge' (1969); 'If You're Glad I'll Be Frank' (1969), 'Artist Descending a Staircase' (1973) (three plays for radio)",,116 pp.,,
275.,Nov 1983,"Sappho, Pindar, Solon, and 23 others",Greek Lyrics (translated by Richard Lattimore),c.650--500b.c.,82 pp.,,
276.,Dec 1983,Robertson Davies,One Half of Robertson Davies,1978,286 pp.,,
277.,Dec 1983,Basile Kerblay,Modern Soviet Society,1983,306 pp.,,
278.,Jan 1984,James Joyce,Ulysses ,1921,783 pp.,true,
279.,Jan 1984,Jim Harrison,Farmer,1976,160 pp.,,
280.,Jan 1984,Michel de Montaigne,Travel Journal,1580-81,175 pp.,,
281.,Feb 1984,Richard Price,Ladies' Man,1978,264 pp.,,
282.,Feb 1984,William Maxwell,"So Long, See You Tomorrow",1980,149 pp.,,
283.,Feb 1984,William Shakespeare,Ages of Man: readings by John Gielgud,c.1600,93 pp.,,
284.,Mar 1984,J.D. Salinger,Nine Stories ,1953,198 pp.,true,
285.,Mar 1984,W. Edward Mann and Edward Hoffman,The Man Who Dreamed of Tomorrow: The Life and Thought of Wilhelm Reich,1980,253 pp.,,
286.,Mar 1984,Hallie Burnett,On Writing the Short Story,1983,148 pp.,,
287.,Apr 1984,J.D. Salinger,"Uncollected Short Stories, Vol. 1",1946,89 pp.,,
290.,Apr 1984,"William Strunk, Jr. and E.B. White",The Elements of Style,1959,85 pp. 2X,,
291.,Apr 1984,Thomas Mann,The Confessions of Felix Krull Confidence Man (The Early Years) ,1955,378 pp.,true,
292.,Apr 1984,Guy de Maupassant,A Woman's Life,1883,202 pp.,,
293.,Apr 1984,Thomas Hardy,'The Distracted Preacher' and four other short stories,1888,175 pp.,,
294.,May 1984,Anton Chekov,'The Kiss' and other short stories,1887-1902,168 pp.,,
295.,May 1984,Olivia Coolidge,George Bernard Shaw,1968,226 pp.,,
296.,May 1984,Anthony Burgess,Ninety-nine Novels,1984,156 pp.,,
297.,May 1984,George Bernard Shaw,Saint Joan,1924,158 pp.,,
298.,May 1984,L.N. Tolstoy,The Portable Tolstoy,1851-1908,429 pp.,,
299.,May 1984,,Life in Shakespeare's England,1575-1634,345 pp.,,
300.,May 1984,L.N. Tolstoy,What is Art? ,1896,191 pp.,true,
301.,May 1984,Henrik Ibsen,A Doll's House,1879,103 pp.,,
302.,Jun 1984,Bob Woodward,Wired: The Short Life and Fast Times of John Belushi,1984,423 pp.,,
303.,Jun 1984,Plato,The Republic,c.375b.c.,455 pp.,,
304.,Jun 1984,Robert H. March,Physics for Poets,1970,253 pp.,,
305.,Jul 1984,Gore Vidal,Creation,1981,593 pp.,,
306.,Jul 1984,Italo Calvino,The Baron in the Trees,1959,217 pp.,,
307.,Jul 1984,Alexander L. George,Managing U.S. - Soviet Rivalry,1983,397 pp.,,
308.,Jul 1984,J.W. Goethe,Italian Journey,1786,398 pp.,,
309.,Aug 1984,Frederick Exley,A Fan's Notes,1968,353 pp.,,
310.,Aug 1984,Ivan Turgenev,Fathers and Sons,1861,295 pp.,,
311.,Aug. 1984,Edmund Wilson,Axel's Castle,1931,235 pp.,,
312.,Sep 1984,C.S. Forster,Mr. Midshipman Hornblower,1941,252 pp.,,
313.,Oct 1984,Alexander Pushkin,Eugene Onegin,1830,233 pp.,,
314.,Oct 1984,Mikhail Lermontov,A Hero of Our Time,1839,185 pp.,,
315.,Oct 1984,Colin McEvedy,"The Penguin Atlas of Recent History, Europe since 1815",1982,90 pp.,,
316.,Oct 1984,Gustav Flaubert,"A Simple Heart, ""The Legend of St. Julian Hospitator""",1876,87 pp.,,
317.,Oct 1984,Iris Murdoch,A Severed Head ,1961,205 pp.,true,
318.,Oct 1984,Jean de La Fontaine,Selected Fables,1668-93,141 pp.,,
319.,Oct 1984,William Shakespeare,Othello,1604,154 pp.,,
320.,Oct 1984,Réné Descartes,Meditations on First Philosophy,1641,56 pp.,,
321.,Oct 1984,Alan Sillitoe,The Loneliness of the Long Distance Runner,1959,144 pp.,,
322.,Oct 1984,W.E.B. Dubois,The Souls of Black Folk,1903,278 pp.,,
323.,Oct 1984,James Salter,Light Years,1975,308 pp.,,
324.,Nov 1984,Milan Kundera,The Unbearable Lightness of Being,1984,314 pp.,,
325.,Dec 1984,E.M.W. Tillyard,The Elizabethan World Picture,1958,109 pp.,,
326.,Dec 1984,Bruno Bettelheim,The Uses of Enchantment,1975,310 pp.,,
327.,Jan 1985,William M. Thackeray,Vanity Fair ,1847,636 pp.,true,
328.,Jan 1985,Knut Hamsun,Mysteries,1892,254 pp.,,
329.,Jan 1985,Susan Cheever,Home Before Dark,1984,243 pp.,,
330.,Feb 1985,Thornton Wilder,The Ides of March ,1948,204 pp.,true,
331.,Feb 1985,A.J.P. Taylor,Revolutions and Revolutionaries,1980,160 pp.,,
332.,Mar 1985,Arkady N. Shevchenko,Breaking with Moscow,1985,370 pp.,,
333.,Mar 1985,Constantin Stanislavski,An Actor Prepares ,1936,295 pp.,true,
334.,Apr 1985,Michael White,Empty Seats,1984,190 pp.,,
335.,Apr 1985,Constantin Stanislavski,Creating a Role,1938,262 pp.,,
336.,Apr 1985,Richard Price,The Breaks,1983,446 pp.,,
337.,May 1985,Robert Stone,A Flag for Sunrise,1977,440 pp.,,
338.,May 1985,David Shapiro,Neurotic Styles,1965,199 pp.,,
339.,May 1985,Richard S. Dunn,The Age of Religious Wars 1559-1715,1970,302 pp.,,
340.,May 1985,Harriet Beecher Stowe,Uncle Tom's Cabin ,1852,590 pp.,true,
341.,May 1985,Anthony Burgess,This Man & Music,1982,192 pp.,,
342.,Jun 1985,Victor Hugo,Notre Dame of Paris,1831,493 pp.,,
343.,Jun 1985,Lucretius,On the Nature of the Universe ,c.54b.c.,256 pp.,true,
344.,Jun 1985,Leonardo Da Vinci,The Codex Leicester,1507,175 pp.,,
345.,Jun 1985,Howard Greenfeld,Caruso,1983,254 pp.,,
346.,Jul 1985,Marcel Proust,The Guermantes Way ,1925,425 pp.,true,
347.,Jul 1985,Frances Fitzgerald,Fire in the Lake,1972,590 pp.,,
348.,Aug 1985,Nora Ephron,Heartburn,1983,223 pp.,,
349.,Aug 1985,Fritjof Capra,The Tao of Physics,1975,311 pp.,,
350.,Aug 1985,Lao Tsu,Tao Te Ching ,6 Cent. bc.,81 pp.,true,
351.,Sep 1985,Leon Edel,Bloomsbury - A House of Lions,1979,299 pp.,,
352.,Sep 1985,Judith Martin,Miss Manners Guide to Excruciatingly Correct Behavior,1979,555 pp.,,
353.,Sep 1985,L.N. Tolstoy,Confession ,1879,93 pp.,true,
354.,Sep 1985,Alice Walker,The Color Purple,1982,251 pp.,,
355.,Oct 1985,Richard Ellmann,James Joyce ,1959,744 pp.,true,
356.,Oct 1985,E.F. Benson,Queen Lucia part 1,1920,318 pp.,,
357.,Oct 1985,James Joyce,Dubliners,1905,223 pp.,,
358.,Oct 1985,Thomas Hardy,The Mayor of Casterbridge,1886,411 pp.,,
359.,Oct 1985,Henry Chadwick,The Early Church,1967,289 pp.,,
360.,Oct 1985,Herodotus,The Histories ,446 bc.,624 pp.,true,
361.,Nov 1985,Edith Wharton,The House of Mirth ,1905,329 pp.,true,
362.,Nov 1985,J.K. Galbraith,A China Passage,1973,138 pp.,,
363.,Nov 1985,Arthur Schopenhauer,Essays and Aphorisms,1851,236 pp.,,
364.,Nov 1985,Luigi Barzini,The Europeans,1983,267 pp.,,
365.,Nov 1985,Rollo May,My Quest for Beauty,1985,243 pp.,,
366.,Dec 1985,Carl Sagan,Cosmos,1980,286 pp.,,
367.,Dec 1985,Eugen Herrigel,Zen in the Art of Archery,1953,90 pp.,,
368.,Dec 1985,David Hume,Dialogues Concerning Natural Religion,1750-75,105 pp.,,
369.,Dec 1985,Julius Caesar,The Conquest of Gaul,52 bc.,236 pp.,,
370.,Dec 1985,Mark Twain,A Connecticut Yankee in King Arthur's Court,1889,331 pp.,,
371.,Dec 1985,Richard Hudson,Linguistics,1984,166 pp.,,
372.,Jan 1986,Virgil,The Aeneid ,30-19bc.,336 pp.,true,
373.,Jan 1986,various poets,The Colour of Saying Anthology of Verse,1963,170 pp.,,
374.,Mar 1986,Gene A. Brucker,Renaissance Florence,1969,280 pp.,,
375.,Mar 1986,Edward I. Koch,Politics,1985,246 pp.,,
376.,Mar 1986,Giorgio Vasari,Lives of the Artists,1568,477 pp.,,
377.,Apr 1986,Julian Jaynes,The Origin of Consciousness in the Breakdown of the Bicameral Mind ,1976,446 pp.,true,
378.,Apr 1986,G. William Domhoff,Who Rules America Now?,1983,223 pp.,,
379.,May 1986,Martin Heidegger,"Poetry, Language, Thought",1971,229 pp.,,
380.,Jun 1986,Alan S. Parkes,Patterns of Sexuality and Reproduction,1976,141 pp.,,
381.,Jul 1986,Edmund Gosse,Father and Son,1907,251 pp.,,
382.,Sep 1986,John Gardner,Self-Renewal,1981,127 pp.,,
383.,Sep 1986,Dante Alighieri,Inferno,1314,180 pp.,,
384.,Sep 1986,E.M. Forster,Howard's End,1910,271 pp.,,
385.,Sep 1986,Gaston Bachelard,The Poetics of Space,1958,241 pp.,,
386.,Sep 1986,William Kennedy,Ironweed ,1983,227 pp.,true,
387.,Oct 1986,Homer,The Odyssey,c.700 bc.,365 pp.,,
388.,Oct 1986,James Joyce,"Selected Letters, edited by Richard Ellman",1957,409 pp.,,
389.,Nov 1986,Moss Hart,Act One,1959,383 pp.,,
390.,Nov 1986,Vladimir Nabokov,The Enchanter ,1939,95 pp.,true,
391.,Nov 1986,Ralph Waldo Emerson,"The Heart of Emerson's Journals, 1820-75",1820-75,338 pp.,,
392.,Dec 1986,Harold C. Schonberg,The Lives of the Great Composers ,1970,627 pp.,true,
393.,Dec 1986,David A. Stockman,The Triumph of Politics ,1986,411 pp.,true,
394.,Dec 1986,Stanislaus Joyce,The Dublin Diary of Stanislaus Joyce,1904,114 pp.,,
395.,Jan 1987,Thomas Hobbes,Leviathan ,1651,729 pp.,true,
396.,Feb 1987,Rainer Maria Rilke,Letters to Benvenuta,1914,87 pp.,,
397.,Feb 1987,Douglass H. Morse,Behavioral Mechanisms in Ecology,1980,320 pp.,,
398.,Apr 1987,Mark Twain and Charles Dudley Warner,The Gilded Age,1873,222 pp.,,
399.,Apr 1987,Arthur Power,Conversations with James Joyce,1974,111 pp.,,
400.,May 1987,Jacques Barzun,The Use and Abuse of Art,1974,150 pp.,,
401.,May 1987,V.S. Naipaul,Among the Believers (an Islamic Journey),1980,430 pp.,,
402.,May 1987,Carrie Fisher,Postcards from the Edge ,1987,218 pp.,true,
403.,Jun 1987,Michel Montaigne,Essays,1580,406 pp.,,
404.,Jun 1987,Marcel Proust,Cities of the Plain ,1913,378 pp.,true,
405.,Jun 1987,Peter Gay,The Bourgeois Experience Education of the Senses,1984,460 pp.,,
406.,Jun 1987,Sigmund Freud,The Ego and the Id,1923,49 pp.,,
407.,Jul 1987,V.I. Lenin,"Imperialism, The Highest Stage of Capitalism",1916,128 pp.,,
408.,Jul 1987,Larry McMurtry,Lonesome Dove,1985,945 pp.,,
409.,Jul 1987,A.J. Liebling,Between Meals,1959,185 pp.,,
410.,Jul 1987,Peter Fornatale & Joshua E. Mills,Radio in the Television Age,1980,196 pp.,,
411.,Jul 1987,Martin Amis,Einstein's Monsters,1987,149 pp.,,
412.,Jul 1987,Barry Lopez,Arctic Dreams,1986,372 pp.,,
413.,Jul 1987,Doris Lessing,The Golden Notebook,1962,666 pp.,,
414.,Aug 1987,various,"The Practical Cogitator, The Thinker's Anthology",,644 pp.,,
415.,Aug 1987,James Branch Cabell,Jurgen,1919,368 pp.,,
416.,Aug 1987,Heinrich Heine,Deutschland,1843,100 pp.,,
417.,Sep 1987,Max I. Dimont,"Jews, God and History",1962,371 pp.,,
418.,Sep 1987,Jorge Luis Borges,An Introduction to American Literature,1967,90 pp.,,
419.,Sep 1987,Marco Polo,The Travels,1298,345 pp.,,
370.,Sep 1987,Martin Heidegger,Discourse on Thinking,"1945,55",90 pp.,,
371.,Sep 1987,John A. Wilson,The Culture of Ancient Egypt,1951,318 pp.,,
372.,Oct 1987,Denis Diderot,Rameau's Nephew,1761,125 pp.,,
423.,Oct 1987,Rudyard Kipling,Just So Stories ,1902,158 pp.,true,
424.,Oct 1987,Peter Ladefoged,Elements of Acoustic Phonetics ,1962,108 pp.,true,
425.,Oct 1987,Friedrich Nietzche,A Nietzsche Reader,1880s,284 pp.,,
426.,Oct 1987,Jane Austen,Mansfield Park,1814,464 pp.,,
427.,Oct 1987,C.P. Snow,The Two Cultures & A Second Look,"1959, 1964",100 pp.,,
428.,Nov 1987,Mark Twain,Life on the Mississippi ,1882,352 pp.,true,
429.,Nov 1987,Zbigniew Brzezinski,Game Plan,1986,273 pp.,,
430.,Nov 1987,Honoré de Balzac,Ursule Mirouet,1841,266 pp.,,
431.,Nov 1987,Celia McEvedy,The Penguin Atlas of Ancient History,1967,92 pp.,,
432.,Nov 1987,Robert Roberts,The Classic Slum,1971,238 pp.,,
433.,Nov 1987,Colette,Break of Day,,117 pp.,,
434.,Nov 1987,André Malraux,Man's Fate,1934,338 pp.,,
435.,Nov 1987,Jean Racine,Andromache,1672,111 pp.,,
436.,Nov 1987,"Roger Fisher, William Ury",Getting to Yes,1981,154 pp.,,
437.,Dec 1987,Ernst Cassirer,Language and Myth,1946,99 pp.,,
438.,Dec 1987,Mikhail Gorbachev,Perestroika,1987,254 pp.,,
439.,Jan.1988,Adin Steinsaltz,The Essential Talmud,1976,275 pp.,,
440.,Jan 1988,William Shakespeare,A Midsummer Night's Dream,1600,,,
441.,Jan 1988,Voltaire,Letters on England,1733,145 pp.,,
442.,Jan 1988,Tom Wolfe,The Bonfire of the Vanities,1987,659 pp.,,
443.,Jan 1988,,Beowulf,c.8 cent.,115 pp.,,
444.,Jan 1988,P.G. Wodehouse,The Inimitable Jeeves,1924,224 pp.,,
445.,Feb 1988,Gene Lees,Singers and the Song,1987,257 pp.,,
446.,Feb 1988,Mark Twain,Tom Sawyer Abroad and Tom Sawyer Detective,1896,211 pp.,,
447.,Feb 1988,Fyodor Dostoevsky,Notes from the Underground ,1864,158 pp.,true,
448.,Mar 1988,Gretel Ehrlich,The Solace of Open Spaces,1985,131 pp.,,
449.,Mar 1988,Henry Fielding,Joseph Andrews,1742,298 pp.,,
450.,Apr 1988,George Holmes,"The Later Middle Ages, 1272--1485",1962,260 pp.,,
451.,Apr 1988,David J. Garrow,"The F.B.I. and Martin Luther King, Jr.",1981,227 pp.,,
452. , Apr. 1988,George Eliot,Middlemarch,1872,908 pp.,,
453.,May 1988,John Dos Passos,The 42nd Parallel,1930,414 pp.,,
454.,May 1988,,The Vinland Sagas,c.1180 and 1250,105 pp.,,
455.,May 1988,"Michael J. Malbin, ed.",Money and Politics in the United States,1984,270 pp.,,
456.,May 1988,Donald T. Regan,For the Record,1988,379 pp.,,
457.,June 1988,Benjamin Franklin,The Autobiography and other writings,1790,260 pp.,,
458.,June 1988,Elia Kazan,A Life,1988,825 pp.,,
459.,June 1988,Francis Parkman,The Oregon Trail,1849,286 pp.,,
460.,July 1988,Arthur Schopenhauer,The Art of Literature,1841,149 pp.,,
461.,July 1988,Gustave Flaubert,November,1842,132 pp.,,
462.,July 1988,Albert Einstein,Sidelights on Relativity,1921,56 pp.,,
463.,July 1988,Confucius,The Analects,c.500 bc,160 pp.,,
464.,July 1988,Yasunari Kawabata,The Lake,1954,160 pp.,,
465.,July 1988,Marcel Proust,On Reading,1905,67 pp.,,
466.,July 1988,Richard Hofstadter,The Paranoid Style in American Politics and Other Essays,1951-65,315 pp.,,
467.,Aug. 1988,collected, The Poet's Work,1915-77,294 pp.,,
468.,Aug. 1988,Seneca,Epistulae Morales vol. 1,63-65 ad,229 pp.,,
469.,Aug. 1988,Vladimir Nabokov,The Portable Nabokov,1942-68,536 pp.,,
470.,Sept. 1988,various, Quarrels that have Shaped the Constitution,1962,268 pp.,,
471.,Sept. 1988,Jacques Barzun,A Word or Two Before You Go,1986,177 pp.,,
472.,Sept. 1988,Anthony Trollope,Framely Parsonage,1860,563 pp.,,
473.,Nov. 1988,Ovid,Metamorphoses,c. 5 ad,357 pp.,,
474.,Nov. 1988,Christopher Clapham,Third World Politics,1985,186 pp.,,
475.,Dec. 1988,Richard Russo,The Risk Pool,1988,479 pp.,,
476.,Jan. 1989,Charles Dickens,Bleak House,1853,975 pp.,,
477.,Jan. 1989,P.P. Xahane,Ancient and Classical Art,1967,200 pp.,,
478.,Jan. 1989,Charles Baudelaire,Paris Spleen,1869,108 pp.,,
479.,Feb. 1989,Willa Cather,O Pioneers!,1913,309 pp.,,
480.,Feb. 1989,Nadine Gordimer,The Late Bourgeois World,1966,95 pp.,,
481.,Feb. 1989,Jean Corst,"The Life of Birds, vol. 2",1971,338 pp.,,
482.,Mar. 1989,Voltaire,Philosophical Dictionary,1764,400 pp.,,
483.,Mar. 1989,John Stoye,Europe Unfolding 1648-1688,1969,399 pp.,,
484.,Mar. 1989,E.L. Doctorow,Billy Bathgate,1989,323 pp.,,
485.,Apr. 1989,Howard Hibbard,Bernini,1965,229 pp.,,
486.,Apr 1989,Yasuji Kirimura,Fundamentals of Buddhism,1977,210 pp.,,
487.,Apr 1989,Scott Buchanan,Poetry and Mathematics,1929,156 pp.,,
488.,May 1989,Gore Vidal,Lincoln,1984,657 pp.,,
489.,May 1989,Gabriel Garcia Marquez,Love in the Time of Cholera,1988,348 pp.,,
490.,May 1989,,The Bible - designed to be read as Literature vol. 1,,520 pp.,,
491.,Jul 1989,Brenda Maddox,Nora - The Real Life of Molly Bloom ,1988,381 pp.,true,
492.,Jul 1989,John Milton,Paradise Lost,1667,339 pp.,,
493.,Aug 1989,Sanche de Gramont,Epitaph for Kings ,1969,428 pp.,true,
494.,Aug 1989,Stephen W. Hawking,A Brief History of Time,1988,182 pp.,,
495.,Aug 1989,Wallace Stevens,The Necessary Angel,1942-51,176 pp.,,
496.,Sep 1989,edited by W.H. Auden,The Portable Greek Reader,b.c.,726 pp.,,
497.,Sep 1989,Honoré de Balzac,The Wild Ass's Skin,1831,285 pp.,,
498.,Sep 1989,Quentin Crisp,Manners from Heaven,1984,138 pp.,,
499.,Oct 1989,Sigmund Freud,Civilization and Its Discontents ,1930,104 pp.,true,
500.,Oct 1989,Michael Harrington,The Other America,1962+,221 pp.,,
501.,Oct 1989,Art Garfunkel,Still Water - Prose Poems,1989,119 pp.,,
502.,Oct 1989,Umberto Eco,Art and Beauty in the Middle Ages,1959,119 pp.,,
503.,Oct 1989,Anton Chekhov,The Fiancée and other stories,1890s,232 pp.,,
504.,Dec 1989,Theodore Dreiser,An American Tragedy,1925,828 pp.,,
505.,Dec 1989,Santoru Izumi,Guidelines to Faith,1980,160 pp.,,
506.,Dec 1989,Robert Louis Stevenson,Travels with a Donkey,1879,126 pp.,,
507.,Dec 1989,James D. Watson,The Double Helix,1968,231 pp.,,
508.,Dec 1989,"Noam Chomsky, Edward S. Herman",Manufacturing Consent,1988,291 pp.,,
509.,Jan 1990,Anthony Trollope,An Autobiography,1883,367 pp.,,
510.,Jan 1990,Joseph Campbell (with Bill Moyers),The Power of Myth,1988,231 pp.,,
511.,Feb 1990,Henry Miller,Quiet Days in Clichy,1940,154 pp.,,
512.,Feb 1990,Colin McEvedy,The Penguin Atlas of Modern History (to 1815),1972,90 pp.,,
513.,Feb 1990,J.P. Kenyon,Stuart England,1978,355 pp.,,
514.,Feb 1990,Michel Foucault,The History of Sexuality vol. 1: An Introduction,1976,159 pp.,,
515.,Feb 1990,Virginia Woolf,Contemporary Writers,1905-20,160 pp.,,
516.,Feb 1990,William Shakespeare,Henry V,1599,123 pp.,,
517.,Mar 1990,Honoré de Balzac,Lost Illusions,1835-43,682 pp.,,
518.,Mar 1990,Ian Frazier,Great Plains,1989,214 pp.,,
519.,Apr 1990,,Tales from the Thousand and One Nights,c.850b.c.,407 pp.,,
520.,Jul 1981,Anne Rice,Interview With the Vampire,1976,346 pp.,,
521.,May 1990,Charles R. Morris,The Cost of Good Intentions,1980,240 pp.,,
522.,Jun 1990,various,The Portable Renaissance Reader,"1400s, 1500s",754 pp.,,
523.,Jun 1990,Jerrold Seigel,Bohemian Paris,1986,397 pp.,,
524.,Jun 1990,"Paul Magriel, John T. Spike",A Connoisseur's Guide to the Met,1987,235 pp.,,
525.,Jul 1990,Mark Twain,The Innocents Abroad ,1867,492 pp.,true,
526.,Jul 1990,Sylvia Plath,The Bell Jar ,1963,216 pp.,true,
527.,Jul 1990,George F. Will,Men at Work,1990,330 pp.,,
528.,Jul 1990,Edith Hamilton,Mythology,1940,321 pp.,,
529.,Jul 1990,Ernest Hemingway,A Moveable Feast,1960,211 pp.,,
530.,Jul 1990,Edith Wharton,Ethan Frome,1911,133 pp.,,
531.,Aug 1990,J.F. Stone,The Trial of Socrates,1988,230 pp.,,
532.,Aug 1990,"Daniel Bates, Amal Rassam",Peoples and Cultures of the Middle East,1983,283 pp.,,
533.,Aug 1990,Aristophanes,"The Knights, ""Peace,"" ""The Birds,"" ""Wealth""",424-388b.c.,285 pp.,,
534.,Sep 1990,Tacitus,The Histories,98a.d.,287 pp.,,
535.,Sep 1990,Carrie Fisher,Surrender the Pink,1990,281 pp.,,
536.,Sep 1990,John McPhee,Rising from the Plains,1986,214 pp.,,
537.,Sep 1990,George Eliot,The Lifted Veil,1879,91 pp.,,
538.,Nov 1990,Thomas Mann,The Magic Mountain ,1927,716 pp.,true,
539.,Nov 1990,Fredric Dannen,Hit Men ,1990,327 pp.,true,
540.,Nov 1990,,The Koran,610a.d.,435 pp.,,
541.,Jan 1991,Roderic Gorney,The Human Agenda,1968,575 pp.,,
542.,Feb 1991,William Thackeray,The History of Henry Esmond,1852,513 pp.,,
543.,Feb 1991,Rachel Carlson,Silent Spring,1962,297 pp.,,
544.,Feb 1991,Charles Grodin,It Would Be So Nice If You Weren't Here,1989,308 pp.,,
545.,Feb 1991,Will and Ariel Durant,The Story of Civilization VIII: The Age of Louis XIV ,1963,74 pp.,true,
546.,Mar 1991,Margaret Mead,Coming of Age in Samoa,1928,197 pp.,,
547.,Mar 1991,Thomas L. Friedman,From Beirut to Jerusalem ,1989,525 pp.,true,
548.,Apr 1991,Daphne du Maurier,Jamaica Inn,1936,247 pp.,,
549.,Apr 1991,Daisaku Ikeda,The Creative Family,1977,159 pp.,,
550.,Apr 1991,Marcus Aurelius,The Meditations ,177a.d.,129 pp.,true,
551.,May 1991,Thomas Szasz,Ceremonial Chemistry,1974,170 pp.,,
552.,May 1991,Marcel Proust,The Captive ,1921,289 pp.,true,
553.,May 1991,Thomas Hardy,Under the Greenwood Tree,1872,241 pp.,,
554.,Jun 1991,Arthur Koestler,Darkness at Noon,1940,216 pp.,,
555.,Jun 1991,Herbert Marcuse,Eros and Civilization,1955,274 pp.,,
556.,Jul 1991,edited by F. Stephen Larrabee,The Two German States and European Security,1986-88,307 pp.,,
557.,Jul 1991,Marc Bloch,"Feudal Society, vol. 2",1961,170 pp.,,
558.,Aug 1991,Oscar Hijuelos,The Mambo Kings Play Songs of Love ,1989,407 pp.,true,
559.,Sep 1991,Jim Harrison,Dalva,1988,324 pp.,,
560.,Oct 1991,William Pfaff,Barbarian Sentiments,1989,189 pp.,,
561.,Oct 1991,Madame de Lafayette,The Princess of Cleves,1678,168 pp.,,
562.,Nov 1991,John Updike,"Rabbit, Run ",1960,249 pp.,true,
563.,Nov 1991,Paul Fussell,Bad,1991,201 pp.,,
564.,Nov 1991,William Styron,The Confessions of Nat Turner ,1966,429 pp.,true,
565.,Nov 1991,Sigmund Freud,The Future of an Illusion,1927,81 pp.,,
566.,Nov 1991,A.R. Myers,England in the Late Middle Ages,1952,262 pp.,,
567.,Nov 1991,"Paul Hohenberg, Lynn Hollen Lees",The Making of Urban Europe 1000--1950,1985,340 pp.,,
568.,Dec 1991,Leonardo Da Vinci,The Notebooks of Leonardo Da Vinci,"1480s, 1490s",392 pp.,,
569.,Dec 1991,"Joseph Morella, Patricia Barey",Simon and Garfunkel,1991,252 pp.,,
570.,Dec 1991,Sun Tzu,The Art of War,c.400bc,149 pp.,,
571.,De. 1991,Aleksandr Solzhenitsyn,Rebuilding Russia,1990,106 pp.,,
572.,Jan 1992,H.G. Wells,A Short History of the World ,1922,357 pp.,true,
573.,Jan 1992,Baroness Orczy,The Scarlet Pimpernel,1905,248 pp.,,
574.,Feb 1992,H.L. Mencken,The Vintage Mencken,1916-33,246 pp.,,
575.,Feb 1992,Robert Louis Stevenson,Dr. Jekyll and Mr. Hyde,1886,114 pp.,,
576.,Feb 1992,William Julius Wilson,The Truly Disadvantaged,1987,164 pp.,,
577.,Feb 1992,Swami Prabhavananda,The Sermon on the Mount according to Vendanta ,1963,126 pp.,true,
578.,Mar 1992,Sigmund Freud,An Outline of Psycho-Analysis,1938,64 pp.,,
579.,Mar 1992,Edgar Allan Poe,The Narrative of Arthur Gordon Pym,1938,220 pp.,,
580.,Mar 1992,Andreas Capellanus,The Art of Courtly Love,1180,59 pp.,,
581.,Mar 1992,William Faulkner,The Sound and the Fury,1931,284 pp.,,
582.,Apr 1992,Nathaniel Hawthorne,The House of the Seven Gables ,1851,245 pp.,true,
583.,Apr 1992,Edmund Burke,Reflections on the Revolution in France,1790,290 pp.,,
584.,Apr 1992,Nikolai Gogol,"Diary of a Madman, ""The Nose,"" ""The Overcoat""",1834 (36) (42),108 pp.,,
585.,Ap. 1992,William Shakespeare,The Trajedy of Julius Caesar,1599,102 pp.,,
586.,Apr 1992,"Donald L. Barlett, James B. Steele",America: What Went Wrong?,1992,219 pp.,,
587.,Jun 1992,Emil Ludwig,The Nile,1936,603 pp.,,
588.,Jun 1992,Patrick J. Geary,Before France & Germany,1988,231 pp.,,
589.,Jun 1992,Denis Diderot,The Nun,1760,188 pp.,,
590.,Jul 1992,Richard Selzer,Mortal Lessons - Notes on the Art of Surgery,1974,217 pp.,,
591.,Jul 1992,Ben H. Bagdikian,The Media Monopoly,1983,251 pp.,,
592.,Jul 1992,Cyril Aldred,Egyptian Art,1980,240 pp.,,
593.,July 1992,Nathaniel Hawthorne,The Blithedale Romance,1852,247 pp.,,
594.,Jul 1992,"Ben Weider, David Hapgood",The Murder of Napoleon,1982,257 pp.,,
595.,Aug 1992,Elie Wiesel,A Jew Today,1971-78,247 pp.,,
596.,Sep 1922,Livy,Rome and the Mediterranean,29bc-17ad,654 pp.,,
597.,Sep 1992,Oliver Sacks,The Man Who Mistook His Wife for a Hat,1970-85,233 pp.,,
598.,Nov 1992,Dorothy Parker,The Portable Dorothy Parker,1918-62,535 pp.,,
599.,Dec 1992,Immanuel Kant,The Doctrine of Virtue,1797,167 pp.,,
600.,Dec 1992,Alec Wilder,American Popular Song,1972,519 pp.,,
601.,Dec 1992,Lawrence Shainberg,Brain Surgeon,1979,316 pp.,,
602.,Dec 1992,Lord Chesterfield,Letters,1728-72,464 pp.,,
603.,Dec 1992,Camille Paglia,"Sex, Art, and American Culture ",1992,287 pp.,true,
604.,Jan 1993,George Eliot,Silas Marner,1861,190 pp.,,
605.,Feb 1993,Harry Crews,Body,1990,240 pp.,,
606.,Feb 1993,Hermann Hesse,Demian ,1919,179 pp.,true,
607.,Feb 1993,Jean Piaget,Six Psychological Studies,1964,157 pp.,,
608.,Feb 1993,William Faulkner,"Absalom, Absalom!",1936,306 pp.,,
609.,Mar 1993,David King Dunaway,Huxley in Hollywood,1989,402 pp.,,
610.,Mar 1993,Evelyn Waugh,Brideshead Revisited,1945,331 pp.,,
611.,Mar 1993,,anthology: The European Security Framework in Transition 1984-92,1984-92,172 pp.,,
612.,Mar 1993,,The Random House Dictionary of the English Language,1966-83,1664 pp.,,
613.,Mar 1993,Sigmund Freud,On Dreams,1901,114 pp.,,
614.,Mar 1993,Ernest Hemingway,Green Hills of Africa,1935,295 pp.,,
615.,Apr 1993,Bruce Chatwin,On the Black Hill,1982,249 pp.,,
616.,Apr 1993,K.J. Dover,Greek Homosexuality,1978,206 pp.,,
617.,Apr 1993,David Thomson,England in the Twentieth Century,1965,362 pp.,,
618.,May 1993,Virginia Woolf,To the Lighthouse,1927,310 pp.,,
619.,May 1993,Jacques Barzun,The Culture We Deserve,1989,183 pp.,,
620.,Jun 1993,Allan Gurganus,White People,1972-90,305 pp.,,
621.,Jun 1993,Stanley Coren,The Left-Hander Syndrome,1992,281 pp.,,
622.,Jul 1993,Leo Tolstoy,The Forged Coupon,1904,99 pp.,,
623.,Jul 1993,Cristina Garcia,Dreaming in Cuban,1992,245 pp.,,
624.,Jul 1993,Honoré de Balzac,Cousin Pons,1847,334 pp.,,
625.,Jul 1993,Mark Green,Who Runs Congress?,1972,318 pp.,,
626.,Aug 1993,Thomas Kessner,The Golden Door,1977,177 pp.,,
627.,Aug 1993,Don DeLillo,White Noise,1984,326 pp.,,
628.,Aug 1993,John Stuart Mill,Utilitarianism,1861,79 pp.,,
629.,Oct 1993,Rudyand Kipling,Kim,1901,270 pp.,,
630.,Oct 1993,Alan Lightman,Einstein's Dreams,1993,179 pp.,,
631.,Nov 1993,Jules Michelet,Joan of Arc,1841,143 pp.,,
632.,Nov 1993,Plato,Early Socratic Dialogues,427-327b.c.,375 pp.,,
633.,Dec 1993,Erich Fromm,Escape from Freedom,1941,303 pp.,,
634.,Dec 1993,V.S. Pritchett,The Offensive Traveller,1964,241 pp.,,
635.,Dec 1993,Peter B. High,An Outline of American Literature,1986,241 pp.,,
636.,Dec 1993,Susan Sontag,AIDS and Its Metaphors,1988,95 pp.,,
637.,Dec 1993,Françoise Sagan,Bonjour Tristesse,1954,108 pp.,,
638.,Dec 1993,Sherwood Anderson,"Winesburg, Ohio",1919,247 pp.,,
639.,Dec 1993,Flannery O'Connor,Mystery and Manners,1957-69,228 pp.,,
640.,Dec 1993,Henry James,The Turn of the Screw,1898,160 pp.,,
641.,Dec 1993,Thornton Wilder,The Cabala,1926,230 pp.,,
642.,Dec 1993,Donald Matthew,Atlas of Medieval Europe,1983,225 pp.,,
643.,Jan 1994,Jane Smiley,A Thousand Acres,1991,371 pp.,,
644.,Feb 1994,Patrick Moore,Basic Astronomy,1967,134 pp.,,
645.,Feb 1994,Henry Adams,Mont Saint Michael and Chartres,1904,359 pp.,,
646.,Mar 1994,Emile Zola,Germinal,1885,538 pp.,,
647.,Mar 1994,Charles Baudelaire,The Prose Poems and La Fanfarlo,1847-65,116 pp.,,
648.,Apr 1994,Charles Dickens,The Old Curiosity Shop,1841,720 pp.,,
649.,Apr 1994,Carrie Fisher,Delusions of Grandma,1994,260 pp.,,
650.,Apr 1994,Laurence Sterne,A Sentimental Journey,1768,120 pp.,,
651.,May 1994,Franz Kafka,The Trial ,1920,256 pp.,true,
652.,May 1994,Thomas DeQuincy,Confessions of an English Opium Eater,1822,116 pp.,,
653.,May 1994,Natalie Goldberg,Writing Down the Bones,1986,170 pp.,,
654.,May 1994,Daniel Defoe,A Journal of the Plague Year ,1725,256 pp.,true,
655.,May 1994,Jean Rhys,After Leaving Mr. Mackenzie ,1931,191 pp.,true,
656.,Jun 1994,Marcel Proust,The Sweet Cheat Gone,1922,196 pp.,,
657.,Jun 1994,Dorothy Whitelock,The Beginnings of English Society,1952,243 pp.,,
658.,Jul 1994,David Rabe,Hurlyburly,1985,160 pp.,,
659.,Aug 1994,Henry Kissinger,Diplomacy ,1994,835 pp.,true,
660.,Sep 1994,Bruce Chatwin,The Songlines,1987,294 pp.,,
661.,Sep 1994,Gary Zukav,The Seat of the Soul,1989,248 pp.,,
662.,Oct 1994,Ernest Becker,The Denial of Death,1973,285 pp.,,
663.,Oct 1994,Laurence Sterne,The Life and Opinions of Tristam Shandy,1761-67,539 pp.,,
664.,Oct 1994,Sinclair Lewis,Babbitt,1922,334 pp.,,
665.,Dec 1994,John King Fairbank,China - A New History,1992,432 pp.,,
666.,Dec 1994,Toni Morrison,Beloved,1987,275 pp.,,
667.,Dec 1994,Franz Kafka,Amerika,1927,312 pp.,,
668.,Dec 1994,Arnold Toynbee & Daisaku Ikeda,Choose Life,1976,359 pp.,,
669.,Dec 1994,Sherwin B. Nuland,How We Die,1994,269 pp.,,
670.,Dec 1994,H.B. Acton,Kant's Moral Philosophy,1970,65 pp.,,
671.,Dec 1994,Jack London,The Call of the Wild,1903,89 pp.,,
672,Dec 1994,Gustav Janouch,Conversations with Kafka ,1923,201 pp.,true,
673.,Jan 1995,Samuel Butler,The Way of All Flesh ,1903,444 pp.,true,
674.,Feb 1995,Meriwether Lewis and William Clark,The Journals of Lewis and Clark,1804-6,515 pp.,,
675.,Feb 1995,Peter Kwong,The New Chinatown,1987,187 pp.,,
676.,Feb 1995,Fyodor Dostoyevsky,The Devils,1871,704 pp.,,
677.,Mar 1995,Selma H. Fraiberg,The Magic Years,1959,151 pp.,,
678.,Mar 1995,Sol M. Linowitz,The Making of a Public Man,1985,247 pp.,,
679.,Apr 1995,Stendhal,The Red and the Black ,1830,574 pp.,true,
680.,Apr 1995,J.H. Plumb,England in the Eighteenth Century,1950,214 pp.,,
681.,Apr 1995,P.D. Ouspensky,The Psychology of Man's Possible Evolution,1934,128 pp.,,
682.,Jul 1995,Carson McCullers,The Heart is a Lonely Hunter,1940,307 pp.,,
683.,Jul 1995,Joyce Carol Oates,Black Water,1992,154 pp.,,
684.,Jul 1995,"editor, Eric L. McKitrick",Slavery Defended,1830-57,177 pp.,,
685.,Jul 1995,"Don, Jeanne Elium",Raising a Son,1992,172 pp.,,
686.,Aug 1995,Patrick O'Brian,Master and Commander,1970,412 pp.,,
687.,Sep 1995,Russell Banks,Continental Drift,1985,366 pp.,,
688.,Sep 1995,,The Bhagavad Gita,c.500b.c.,122 pp.,,
689.,Oct 1995,Thomas More,Utopia,1516,147 pp.,,
690.,Nov 1995,E.L. Doctorow,Ragtime,1975,371 pp.,,
691.,Nov 1995,Martin Heidegger,Early Greek Thinking,1950,58 pp.,,
692.,Nov 1995,Alice Miller,The Drama of the Gifted Child,19791,136 pp.,,
693.,Dec 1995,Daniel Goleman,Emotional Intelligence,1995,292 pp.,,
694.,Dec 1995,Benedict de Spinoza,The Ethics,1663,290 pp.,,
695.,Dec 1995,Betty Radice,Who's Who in the Ancient World,1971,161 pp.,,
696.,Dec 1995,Alexander Hamilton and James Madison,The Federalist Papers,1788,487 pp.,,
697.,Jan 1996,Nathan Glazer and Daniel P. Moynihan,Beyond the Melting Pot,1963,408 pp.,,
698.,Jan 1996,Louise Ames,Your Five-Year Old,19791,109 pp.,,
699.,Jan 1996,Daniel Defoe,Robinson Crusoe,1719,314 pp.,,
700.,Feb 1996,Abul A'La Mawdudi,Towards Understanding Islam,1986,132 pp.,,
701.,Feb 1996,Stephen Crane,The Red Badge of Courage,1895,169 pp.,,
702.,Feb 1996,various,Latin Literature - an Anthology,220b.c.-400a.d.,456 pp.,,
703.,Feb 1996,James Boswell,The Life of Samuel Johnson,1791,342 pp.,,
704.,Mar 1996,Robert D. Kaplan,Balkan Ghosts ,1993,300 pp.,true,
705.,Mar 1996,anonymous,Primary Colors,1996,366 pp.,,
706.,Mar 1996,William Shakespeare,"Henry IV, Part One",1597,115 pp.,,
707.,Mar 1996,Russell Baker,Growing Up,1982,348 pp.,,
708.,Mar 1996,Gustave Flaubert,Flaubert in Egypt ,1850,222 pp.,true,
709.,Apr 1996,"Robin, Liza, Linda, Tiffany",You'll Never Make Love in this Town Again,1996,251 pp.,,
710.,Apr 1996,Robert Graves,"I, Claudius",1934,468 pp.,,
711.,Apr 1996,Stephen Birmingham,Our Crowd,1967,446 pp.,,
712.,Jun 1996,Peter I. Pressman and Yahsar Hirshaut,Breast Cancer,1992,265 pp.,,
713.,Jul 1996,Lester C. Thurow,The Future of Capitalism,1996,327 pp.,,
714.,Jul 1996,Honoré de Balzac,A Murky Business,1841,223 pp.,,
715.,Jul 1996,Blaise Pascal,Pensées,1661,204 pp.,,
716.,Aug 1996,Deepak Chopra,Quantum Healing,1989,273 pp.,,
717.,Aug 1996,Maxim Gorky,My Childhood,1913,451 pp.,,
718.,Aug 1996,Paul Theroux,Riding the Iron Rooster,1988,188 pp.,,
719.,Aug 1996,René Descartes,Discourse on Method and The Meditations,1637,188 pp.,,
720.,Aug. 1996,Deborah Tannen,You Just Don't Understand,1990,298 pp.,,
721.,Sep 1996,Pliny the Elder,Natural History,76a.d.,385 pp.,,
722.,Sep 1996,James Clavell,Shogun,1975,1152 pp.,,
723.,Oct 1996,Xenophon,Conversations with Socrates,c.401b.c.,359 pp.,,
724.,Dec 1996,Michael Herr,Dispatches,1978,278 pp.,,
725.,Dec 1996,H.G. Wells,The Invisible Man,1897,139 pp.,,
726.,Jan 1997,David Baldacci,Absolute Power,1996,505 pp.,,
727.,Mar 1997,Simone DeBeauvoir,The Second Sex,1952,732 pp.,,
728.,Apr 1997,"Henry Fielding, Daniel Defoe",Jonathan Wild,1743,290 pp.,,
729.,Apr 1997,Mary Karr,The Liars' Club,1995,320 pp.,,
730.,Apr 1997,Robin Dunbar,"Grooming, Gossip, and the Evolution of Language",1996,230 pp.,,
731.,May 1997,G.K. Chesterton,The Club of Queer Trades,1905,126 pp.,,
732.,May 1997,Bryce Lyon,The Origins of the Middle Ages,1972,87 pp.,,
733.,May 1997,Antoine de Saint Exupery,Night Flight,1932,87 pp.,,
734.,Jun 1997,Charles and Mary Lamb,Tales from Shakespeare ,1807,313 pp.,true,
735.,Jun 1997,Sir Thomas Malory,"Le Morte D'Arthur, vol. 1 book I-VII",1485,327 pp.,,
736.,Jun 1997,Alcoholics Anonymous,Twelve Steps and Twelve Traditions,1952,192 pp.,,
737.,Jul 1997,Don DeLillo,Mao II,1991,241 pp.,,
738.,Jul 1997,Jules Verne,Around the World in Eighty Days,1873,163 pp.,,
740.,Aug 1997,Daniel Johan Goldhagen,Hitler's Willing Executioners,1996,466 pp.,,
739.,Jul 1997,Peter Gay,The Enlightenment - The Science of Freedom,1969,568 pp.,,
741.,Aug 1997,Harry Crews,A Feast of Snakes,1976,177 pp.,,
742.,Sep 1997,Jean-Jacques Rousseau,Émile,1760,568 pp.,,
743.,Sep 1997,Hermann Hesse,Narcissus and Goldmund,1930,312 pp.,,
744.,Oct 1997,"Aristotle, Horace",Classical Literary Criticism,"330b.c., 10b.c.",80 pp.,,
745.,Oct 1997,Ernest Hemingway,"Fiesta, The Sun Also Rises",1927,206 pp.,,
746.,Oct 1997,Keith B. Richburg,Cut of America ,1997,254 pp.,true,
747.,Nov 1997,Lincoln Steffens,The Shame of the Cities,1904,222 pp.,,
748.,Nov 1997,Choderlos DeLaclos,Les Liaisons Dangereuses,1782,412 pp.,,
749.,Dec 1997,Jonathan Harr,A Civil Action,1995,496 pp.,,
750.,Dec 1997,Harper Lee,To Kill a Mockingbird,1960,281 pp.,,
751.,Dec 1997,David Denby,Great Books ,1996,463 pp.,true,
752.,Jan 1998,Garrison Keillor,Lake Wobegon Days,1985,341 pp.,,
753.,Jan 1998,Barry Miles,Paul McCartney - Many Years from Now,1997,617 pp.,,
754.,Jan 1998,Horace,Satires and Epistles,c.40-18b.c.,179 pp.,,
755.,Mar 1998,E. Annie Proulx,The Shipping News,1993,337 pp.,,
756.,Mar 1998,Allan Bloom,The Closing of the American Mind,1987,382 pp.,,
757.,Mar 1998,Niccolò Machiavelli,The Prince,1514,96 pp.,,
758.,Apr 1998,Alexis De Tocqueville,Democracy in America,1835,317 pp.,,
759.,Apr 1998,Frank McCourt,Angela's Ashes,1996,426 pp.,,
760.,Apr 1998,Susanna Moore,my old sweetheart,1982,211 pp.,,
761.,Ap. 1998,Robert Hughes,Culture of Complaint,1993,204 pp.,,
762.,May 1998,Patrick Suskind,Perfume ,1985,263 pp.,true,
763.,May 1998,Victoria Kingston,Simon and Garfunkel - The Definitive Biography,1996,287 pp.,,
764.,May 1998,John Locke,The Second Treatise of Government,1690,155 pp.,,
765.,May 1998,Plato,Phaedrus,375b.c.,48 pp.,,
766.,Jun 1998,Charles Dickens,Barnaby Rudge,1841,766 pp.,,
767.,Jun 1998,Philip Roth,Zuckerman Unbound,1981,156 pp.,,
768.,Jun 1998,Jeffrey Archer,A Twist in the Tale - 4 short stories,1988,113 pp.,,
769.,Jul 1998,S.T. Bindoff,Tudor England,1950,309 pp.,,
770.,Jul 1998,John O'Hara,Appointment in Samarra,1934,240 pp.,,
771.,Aug.1998,Ralph Ellison,Invisible Man ,1952,469 pp.,true,
772.,Aug 1998,A.S. Byatt,The Matisse Stories,1993,128 pp.,,
773.,Sep 1998,Giovanni Boccaccio,The Decameron,1350,296 pp.,,
774.,Sep 1998,Edward W. Said,Representations of the Intellectual,1993,132 pp.,,
775.,Sep 1998,Robert Graves,The Greek Myths: 1,1955,197 pp.,,
776.,Sep t998,Peter and Linda Murray,The Art of the Renaissance,1963,278 pp.,,
777.,Sep 1998,Emmanuel Le Roy Ladurie,The Beggar and the Professor,1995,351 pp.,,
778.,Oct 1998,Richard Causton,The Buddha in Daily Life,1988,294 pp.,,
779.,Oct 1998,Mitch Albom,Tuesday with Morrie,1997,192 pp.,,
780.,Nov 1998,D.H. Lawrence,Sons and Lovers ,1913,484 pp.,true,
781.,Nov 1998,Alessandro Baricco,Silk,1997,91 pp.,,
782.,Nov 1998,Morris Goldstein,"The Asian Financial Crisis: Causes, Cures, and Systemic Implications",1998,67 pp.,,
783.,Nov 1998,Jimmy Webb,Tunesmith,1998,423 pp.,,
784.,Dec 1998,Henry James,The Golden Bowl,1904,555 pp.,,
785.,Jan 1999,Jean Rhys,Quartet,1928,186 pp.,,
786.,Jan 1999,Edward W. Said,Covering Islam,"1981,1996",195 pp.,,
787.,Jan 1999,Jorge Luis Borges,Other Inquisitions,1937-1952,187 pp.,,
788.,Jan 1999,Bill Gates,The Road Ahead,1996,322 pp.,,
789.,Feb.1999,Arthur Golden,Memoirs of a Geisha ,1997,428 pp.,true,
790.,Mar 1999,Frank R. Wilson,The Hand,1998,338 pp.,,
791.,Apr 1999,Daniel DeFoe,A Tour Through the Whole Island of Great Britain,1724,708 pp.,,
792.,Apr 1999,Russell Banks,Cloudsplitter ,1998,758 pp.,true,
793.,May 1999,Robert Wright,The Moral Animal,1994,379 pp.,,
794.,May 1999,P.G. Wodehouse,French Leave,1956,206 pp.,,
795.,Jun 1999,Marcel Proust,The Past Recaptured,1922,272 pp.,,
796.,Jun  1999,John Hersey,Hiroshima,1946,152 pp.,,
797.,Jun 1999,John Stuart Mill,On Liberty,1859,187 pp.,,
798.,Jul 1999,Philip Roth,American Pastoral,1997,423 pp.,,
799.,Jul 1999,Dante Alighieri,Paridiso,1308,150 pp.,,
800.,Jul 1999,Jacob A. Riis,How The Other Half Lives,1890,227 pp.,,
801.,Aug 1999,Colin Bateman,Cycle of Violence,1995,261 pp.,,
802.,Aug 1999,Fernand Braudel,The Identity of France,1985,375 pp.,,
803.,Sep 1999,Sinclair Lewis,It Can't Happen Here,1935,331 pp.,,
804.,Sep 1999,Jason Goodwin,Lords of the Horizons - A History of the Ottoman Empire,1998,332 pp.,,
805.,Sep 1999,Marilyn Vos Savant,The World's Most Famous Math Problem,1993,76 pp.,,
806.,Sep 1999,Fred Goodman,The Mansion on the Hill,1997,387 pp.,,
807.,Oct 1999,Daisaku Ikeda,Toward a Culture of Peace: A Cosmic View,1999,38 pp.,,
808.,Oct 1999,"Dan Kindlon, Michael Thompson",Raising Cain ,1999,267 pp.,true,
809.,Nov 1999,Dava Sobol,Longitude,1995,175 pp.,,
810.,Nov 1999,Søren Kierkegaard,Fear and Trembling,1843,147 pp.,,
811.,Dec 1999,Sophocles,Antigone,441bc,48 pp.,,
812.,Dec 1999,Bernie Brillstein,Where Did I Go Right?,1999,375 pp.,,
813.,Dec 1999,Richard Dawkins,The Selfish Gene,1976,266 pp.,,
814.,Jan 2000,A.J.P. Taylor,The Struggle for Mastery in Europe - 1848 - 1918,1954,586 pp.,,
815.,Jan 2000,Alfred Lansing,Endurance - Shackleton's Incredible Voyage,1959,280 pp.,,
816.,Feb 2000,Euripides,Andromache,425bc,47 pp.,,
817.,Mar 2000,Samuel Butler,Erewhon,1871,260 pp.,,
818.,Mar 2000,George Stephanopoulos,All Too Human,1999,448 pp.,,
819.,Apr 2000,Henry Fielding,Tom Jones,1749,822 pp.,,
820.,Apr 2000,John Rechy,City of Night,1963,380 pp.,,
821.,May 2000,Peter Gay,My German Question,1998,212 pp.,,
822.,May 2000,Zora Neale Hurston,Their Eyes Were Watching God ,1937,199 pp.,true,
823.,May 2000,Mark Twain,The Mysterious Stranger,1906,114 pp.,,
824.,May 2000,Jhumpa Lahiri,Interpreter of Maladies,1999,198 pp.,,
825.,Jun 2000,John Steinbeck,The Grapes of Wrath,1939,,,
826.,Jun 2000,Michael Lewis,The New New Thing,2000,,,
827.,Aug 2000,Jacques Barzun,From Dawn to Decadence ,2000,,true,
828.,Aug 2000,Samuel Butler,Alps & Sanctuaries,1881,,,
829.,Aug 2000,Alexander Dumas,The Three Musketeers,1844,,,
830.,Sep 2000,Samuel Eliot Morison,"Christopher Columbus, Mariner",1942,,,
831.,Sep 2000,Madame de Lafayette,The Princess of Cleves,1677,,,
832.,Oct 2000,Tom Wolfe,A Man in Full,1998,,,
833.,Oct 2000,John Milton,Samson Agonistes ,1671,,,
834.,Oct 2000,George Kubler,The Shape of Time,1962,,,
835.,Nov 2000,Jakob Walter,The Diary of a Napoleonic Foot Soldier ,c. 1830,,true,
836.,Nov 2000,Stendhal,Love,1819,,,
837.,Dec 2000,Sir Harold Nicolson,Diplomacy,1939,,,
838.,Dec 2000,William Hazlitt,Liber Amoris ,1823,,,
839.,Dec 2000,Ida M. Tarbell,The History of the Standard Oil Company,1903,,,
840.,Jan 2001,Adolph Hitler,Mein Kampf ,1926,,,
841.,Jan 2001,Honore de Balzac,The Physiology of Marriage,1824,,,
842.,Jan 2001,Saul Bellow,Henderson the Rain King,1958,,,
843.,Jan 2001,Dorothy L. Sayers,The Mind of the Maker,1941,,,
844.,Feb 2001,Christine Hobson,The World of the Pharoahs,1987,,,
845.,Mar 2001,"Horatio Alger, Jr.",Ragged Dick ,1868,,,
846.,Mar 2001,Henry Kissinger,A World Restored,,,,
847.,Apr 2001,Honore de Balzac,The Chouans ,1827,,,
848.,Apr 2001,Tom King,The Operator ,,,,
849.,May 2001,Lord Byron,The Selected Letters of Lord Byron,1798,,,
850.,Jun 2001,Jean-Jacques Rousseau,La Nouvelle Heloise,1758,,,
851.,Jun 2001,Walter Bagehot,Physics and Politics,1872,,,
852.,Jul 2001,Dan O'Brien,The Rites of Autumn,1988,,,
853.,Aug 2001,"Michael E. Porter, Hirotaka Takeuchi, Mariko Sakakibara",Can Japan Compete?,2000,,,
854.,Aug 2001,Sarah Faunce,Courbet,1993,,,
855.,Sep 2001,Virginia Woolf,The Waves ,1931,,,
856.,Oct 2001,Peter Paret,Understanding War ,1992,,,
857.,Oct 2001,P. G. Wodehouse,Jeeves in the Morning,1946,,,
858.,Nov 2001,Theodore Dreiser,Sister Carrie ,1900,,,
859.,Dec 2001,Benjamin R. Barber,Jihad vs. McWorld,1995,,,
860.,Dec 2001,J.K. Rowling,Harry Potter and the Sorcerer's Stone,1997,,,
861.,Dec 2001,Stephen Hawking,The Universe in a Nutshell,2001,,,
862.,Dec 2001,Artie Shaw,The Trouble with Cinderella,1952,,,
864.,Jan 2002,Paramahansa Yogananda,Autobiography of a Yogi,1946,,,
865.,Feb 2002,Bernard Lewis,What Went Wrong?,2002,,,
866.,Mar 2002,Elizabeth Gaskell,Wives and Daughters ,1866,,true,
867.,Apr 2002,Upton Sinclair,The Jungle ,1905,,,
868.,Apr 2002,"Eugene F. Rice, Jr.","The Foundations of Early Modern Europe, 1460-1569",,,,
869.,Apr 2002,Margaret A. Salinger,Dream Catcher ,2000,,,
870.,Jun 2002,Henry David Thoreau,Selected Journals of Henry David Thoreau,1837 - 1862,,,
871.,Aug 2002,Jean Rhys,Sleep It Off Lady,1976,,,
872.,Aug 2002,Plutarch,Fall of the Roman Republic,90A.D.,,,
873.,Sep 2002,C.S. Forester,Hornblower and Hotspur,1962,,,
874.,Sep 2002,W.H. Lewis,The Splendid Century,1953,,,
875.,Sep 2002,Robert Hughes,The Fatal Shore,1986,,,
876.,Sep 2002,Noam Chomsky,Profit Over People,1999,,,
877.,Oct 2002,Henry George,Progress and Poverty,1879,,,
878.,Oct 2002,"David Krieger, Daisaku Ikeda",Choose Hope ,2001,,,
879,Nov 2002,Malcolm Lowry,Under the Volcano,1947,,,
880.,Dec 2002,Doris Lessing,The Good Terrorist,1985,,,
881.,Dec 2002,Viktor E. Frankl,Man's Search for Meaning,1959,,,
882.,Dec 2002,Harold Nicolson,Good Behavior ,1955,,true,
883.,Jan 2003,"Lucien Febvr, Henri-Jean Martin",Good Behavior,1958,,,
884.,Feb 2003,Arthure Levitt,Take on the Street,2002,,,
885.,Feb 2003,Charles Bukowski,Post Office ,1971,,true,
886.,Mar 2003,Jose Saramago,The Cove ,2002,,,
887.,Apr 2003,Susan Mollin Okin,Women in Western Political Thought,1979,,,
888.,Apr 2003,DBC Pierre,Veron God Little,2003,,,
889.,May 2003,Mary Renault,The Persian Boy,1972,,,
890.,May 2003,Charles Bukowski,Hollywood,1989,,,
891.,May 2003,John Lowden,Early Christian & Byzantine Art,1997,,,
892.,Jun 2003,Natalie Angier,Woman - An Intimate Geography,1999,,,
893.,Jul 2003,Gregory Bishop of Tours,History of the Franks,584,,,
894.,Jul 2003,Paul Berman,Terror and Liberalism,2003,,,
895.,Jul 2003,Mary McCarthy,The Groves of Academe,1951,,,
896.,Jul 2003,Henry Kissinger,Does America Need a Foreign Policy,2001,,,
897.,Jul 2003,James Lord,A Giacometti Portrait,1965,,,
898.,Jul 2003,Karen Armstrong,Budda,2001,,,
899.,Aug 2003,Karen Armstrong,Islam,2000,,,
900.,Oct 2003,George Eliot,Adam Bede,1859,,,
901.,Nov 2003,"Daisaku Ikeda, Majid Tehranian",Global Civilization - A Buddist Islanic Dialogue,2003,,,
902.,Nov 2003,Graham Greenauthor,The Third Man,1950,,,
903.,Jan 2004,Robert A. Caro,The Years of Lyndon Johnson - Master of the Senate,2002,,,
904.,Jan 2004,Horace Mann,The Republic and the School,1837-48,,,
905.,Jan 2004,Edmund S. Morgan,Benjamin Franklin,2002,,,
906.,Feb 2004,intro Claude Mettra,Bruegel,1977,,,
907.,Feb 2004,J. M. Coetzee,Waiting for the Barbarians,1980,,,
908.,Feb 2004,Dan Brown,The Da Vinci Code,2003,,,
909.,Feb 2004,Gustave Flaubert,Memoirs of a Madman,1837,,,
910.,Feb 2004,Aristophanes,"The Acharnians, ""The Clouds"", ""Lysistrata""","425 BC, 423 BC, 410 BC",,,
911.,Mar 2004,Tacey Chevalier,Girl With a Pearl Earing,1999,,,
912.,Apr 2004,Harold Bloom,The Western Canon,1994,,,
913.,May 2004,Walter Pater,The Renaissance,1873,,,
914.,May 2004,William Pollack,Real Boys,1998,,,
915.,May 2004,Aesop,The Complete Fables,c.550 BC,,,
916.,Jun 2004,Juvenal,The Satires,110-130 AD,,,
917.,Jun 2004,Groucho Marx,Love Groucho,1938-55,,,
918.,Jul 2004,G.K. Chesterton,The Man Who Was Thursday,1908,,,
919.,Aug 2004,John Kennedy Toole,A Confederacy of Dunces,1963,,,
920.,Aug 2004,Harold Mattingly,Roman Imerial Civilization,1957,,,
921.,Aug 2004,Molly Hughes,A London Girl of the 1880's,1946,,,
922.,Sep 2004,Nick Hornby,How To Be Good,2001,,,
923.,Sep 2004,John Bunyan,The Philgrim's Progress,1678-84,,,
924.,Sep 2004,Bill Moyer's,Moyers on America,2004,,,
925.,Sep 2004,Walt Whitman,Specimen Days,"1862-65, 1877-81",,,
926.,Sep 2004,Paulo Coelho,Eleven Minutes,2004,,,
927.,Oct 2004,John Boswell,"Christianity, Social Torerance and Homosexuality",1980,,,
928.,2005,Lawrence Potter,The Persian Gulf in Transition ,1997,,,
929.,2005,Immanuel Kant,Perpetual Peace ,1795,,,
930.,2005,Bob Dylan,"Chronicles, vol. 1 ",2004,,,
931.,2005,Arthur Koestler,The Gladiators ,1949,,,
932.,2005,Richard L. Bushman,From Puritan to Yankee ,1967,,,
933.,2005,Arnold Toynbee,"A Study of History, vols I-VI ",1939,,,
934.,2005,Bill McKibben,The End of Nature ,1989,,,
935.,2005,Craig Unger,"House of Bush, House of Saudi ",2004,,,
936.,2005,"Tim LaHaye, Jerry B. Jenkins",Glorious Appearing ,2004,,,
937.,2005,Laurens Van der Post,A Story Like the Wind ,1972,,,
938.,2005,Marilynne Robinson,Gilead,2004,,,
939.,2005,Thomas Carlyle,The French Revolution ,1837,,,
940.,2005,Dalton Trumbo,Johnny Got His Gun,1939,,,
941.,2005,Claude-Anne Lopez,"Mon Cher Papa, Franklin and the Ladies of Paris ",1966,,,
942.,2005,Maureen Dowd,Bushworld,2004,,,
943.,2005,Anton Chekhov,My Life ,c.1886,,,
944.,2005,J.R. Hale,Renaissance Europe ,1971,,,
945.,2005,E.M. Forster,A Passage to India ,1924,,,
946.,2005,"Robert F. Kennedy, Jr.",Crimes Against Nature ,2004,,,
947.,2005,Jane Leavy,Sandy Koufax ,2003,,,
948.,2005,David McCullough,1776,2005,,,
950.,Jul 2005,Frank Norris,The Octopus ,1900,,,
951.,Jul.2005,Ann Rinaldi,Hang a Thousand Trees with Ribbons ,1996,,,
952.,Jul 2005,Herman Melville,Bartleby the Scrivener ,1853,,,
953.,Jul 2005,various,Chapters in Western Civilization vol II ,"1948, '54, '62",,,
954.,Aug 2005,edited by Tim De Lisle,Lives of the Great Songs ,1994,,,
955.,Aug 2005,Laurence Bergreen,As Thousands Cheer - The Life of Irving Berlin ,1990,,,
956.,Sep 2005,Anthony Trollope,The Way We Live Now ,1873,,,
957.,Sep 2005,Steve Martin,Shopgirl,2000,,,
958.,Sep 2005,Emile Zola,The Debacle ,1870,,,
959.,Oct 2005,Kenneth Henshall,A History of Japan ,1999,,,
960.,Nov 2005,Edmund Morris,The Rise of Theodore Roosevelt ,1979,,,
961.,Nov 2005,Henry Adams,The Education of Henry Adams ,1907,,,
962.,Nov 2005,Sonny Barger,Freedom: Credos from the Road ,2005,,,
963.,Nov 2006,Nathanael West,The Day of the Locust ,1939,,,
964.,Nov 2005,Ford Maddox Ford,The Good Soldier ,1915,,,
965.,Nov 2005,Mary Wollstonecraft,A Vindication of the Rights of Woman ,1792,,,
966.,Dec 2005,Edith Wharton,The Age of Innocence ,1920,,,
967.,Jan 2006,W. Somerset Maugham,Of Human Bondage ,1915,,,
968.,2006,Doris Kearns Goodwin,Team of Rivals - The Political Genius of Abraham Lincoln,2005,,,
969.,2006,Tony Judt,"Postwar, A History of Europe Since 1945",2005,,,
970.,2006,Geoff Emerick,"Here, There, and Everywhere ",2006,,,
971.,2006,Wallace Stegner,Angle of Repose ,1971,,,
972.,2006,David Dalton,"James Dean, The Mutant King ",1974,,,
973.,2006,V.S. Naipaul,India: A Wounded Civilisation ,1976,,,
974.,2006,Carlo Collodi,The Adventures of Pinocchio ,1881,,,
975.,2006,D. H. Lawrence,Women in Love ,1916,,,
976.,2006,Henri Pirenne,Economic and Social History of Medieval Europe ,1936,,,
977.,2006,A. H. Maslow,The Farther Reaches of Human Nature ,1971,,,
978.,2006,Charles Dickens,Our Mutual Friend ,1865,,,
979.,2006,Vladimir Nabokov,Speak Memory ,1947,,,
980.,2006,Hermann Hesee,Steppenwolf ,1927,,,
981.,Sep 2006,David S. Brown,Richard Hofstadter. An Intellectual Biography,2006,,,
982.,Sep 2006,Robert Penn Warren,All the King's Men,1946,,,
983.,Sep 2006,Michel DeMontaigne,On Friendship,1580,,,
984.,Oct 2006,Danny Danzinger & John Gillingham,1215 The Year of Magna Carta,2003,,,
985.,Oct 2006,Jim Harrison,Legends of the Fall,1978,,,
986.,Nov 2006,Jared Diamond,Collapse - How Societies Choose to Fail Or Succeed,2005,,,
987.,Nov 2006,Fareed Zakaria,The Future of Freedom,2003,,,
988.,Nov 2006,J.P. Donleavy,The Ginger Man,1955,,,
989.,Nov 2006,John Irving,My Movie Business,1999,,,
990.,Dec 2006,William Shakespeare,All's Well That Ends Well,1602,,,
991.,Dec 2006,Graham Greene,The Quiet American,1955,,,
992.,Dec 2006,Quintus Curtius Rufus,The History of Alexander,44A.D.,,,
993.,Dec 2006,Oliver Wendell Holmes,The Autocrat of the Breakfast Table,1858,,,
994.,Jan 2007,Iris Murdoch,Jackson's Dilemma,1995,,,
995.,Feb 2007,Jonathan Franzen,The Corrections,2001,,,
996.,2007,George W.S. Trow,My Pilgrim's Progress,1999,,,
997.,2007,Heinrich Fichtenau,The Carolingian Empire,1957,,,
998.,2007,Jill Hamilton,"God, Guns and Israel",2004,,,
999.,2007,Sir Thomas More,The History of King Richard III,1557,,,
1000.,2007,Jean-Jacques Rousseau,The Confessions,1781,,,
1001.,2007,Nathaniel Hawthorne,The Marble Faun,1860,,,
1002.,2007,Isaiah Berlin,Russian Thinkers,1978,,,
1003.,2007,Cecily von Ziegesar,don't you forget about me,2007,,,
1004.,2007,Ian McEwan,On Chesil Beach,2007,,,
1005.,2007,Jonathan Lethem,Motherless Brooklyn,1999,,,
1006.,2007,Erich Fromm,The Essential Fromm,1976,,,
1007.,2007,José Saramago,The Gospel According to Jesus Christ,1991,,,
1008.,2007,Brigitte L. Nacos,Mass-Mediated Terrorism,2007,,,
1009.,2007,Joan Didion,The Year of Magical Thinking,5006,,,
1010.,2007,Samuel Beckett,Waiting for Godot,1954,,,
1011.,2007,Leonardo da Vinci,Prophecies,1452-1519,,,
1012.,2007,Donald Capps,the depleted self,1993,,,
1013.,2007,Jean Rhys,Tigers are Better Looking,"1927, 1960-63",,,
1014.,2007,Reinhold Niebuhr,Leaves from the Notebook of a Tamed Cynic,1915-28,,,
1015.,2007,"John J. Jackson, Jr.",Harlemworld,2001,,,
1016.,2007,Edmund Burke,A Philosophical Enquiry into the Origin of our Ideas of the Sublime and Beautiful,1757,,,
1017.,2007,Octavio Paz,The Labyrinth of Solitude,1961,,,
1018.,2007,V.S. Naipaul,A Bend in the River,1979,,,
1019.,2007,Linda Lawrence Hunt,Bold Spirit- Helga Estby's Forgotten Walk Across Victorian America,2003,,,
1020.,2007,Fyodor Dostoevsky,The Gambler,1866,,,
1021.,2007,Alexander Solzhenitsyn,Nobel Lecture,1972,,,
1022.,2007,Kenneth Seeskin,Maimonides: A Guide for Today's Perplexed,1991,,,
1023.,2007,Booth Tarkington,The Magnificent Ambersons,1918,,,
1024,2008,Jane Jacobs,The Death and Life of Great American Cities,1961,,,
1025,2008,Al Gore,The Assault on Reason,2007,,,
1026,2008,Raymond Carver,Fires,1966-84,,,
1027,2008,Nassim Nicholas Taleb,The Black Swan,2007,,,
1028,2008,Peter Forbath,The Last Hero,1988,,,
1029,2008,Francis Bacon,The Essays,1625,,,
1030,2008,Rose Tremain,Restoration,1989,,,
1031,2008,Lord Macaulay,The History of England,1849,,,
1032,2008,Marguerite Duras,The Lover,1985,,,
1033,2008,Olivier Blanc,Last Letters - Prisons & Prisoners of the French Revolution 1793-94,1987,,,
1034,2008,Thomas Hobbes,Human Nature,1640,,,
1035,2008,John Perkins,Confessions of an Economic Hit Man,2004,,,
1036,2008,Edward W. Said,Orientalism,1978,,,
1037,2008,Rory Stewart,The Places in Between,2004,,,
1038,2008,Evelyn Waugh,A Handful of Dust,1934,,,
1039,2008,John Lewis Gaddis,The Cold War,2005,,,
1040,2008,Muriel Spark,The Girls of Slender Means,1963,,,
1041,2008,Vali Nasr,The Shia Revival,2006,,,
1042,2008,John Lukacs,"Blood, Toil, Tears and Sweat",2008,,,
1043,2008,William Boyd,Restless,2006,,,
1044,2008,Dennis McDouglas,Five Easy Decades,2008,,,
1045,2008,Thomas Wolfe,Of Time and the River,1935,,,
1046,2008,Simon Winchester,The Professor and the Madman,1998,,,
1047,2008,Henry Roth,Call It Sleep,1934,,,
1048,2008,Junot Diaz,The Brief Wondrous Life of Oscar Wao,2007,,,
1049,2008,Andrew J. Bacevich,The Limits of Power,2008,,,
1050,2008,Ken Kesey,Some Times a Great Notion,1964,,,
1051,2008,D.H. Lawrence,Lady Chatterley's Lover,1928,,,
1052,2008,Paul Tillich,The Courage to Be,1952,,,
1053,2008,Samuel Beckett,Murphy,1938,,,
1054,2008,Elizabeth Gaskell,Cranford,1853,,,
1055,2008,Edmund White,Rambaud - THe Double Life of a Rebel,2008,,,
1056,2008,Fernand Braudel,The Perspective of the World,1979,,,
1057,2008,Elizabeth Bowen,The Death of the Heart,1938,,,
1058,Jan 2009,Henri Troyat,Tolstoy,1965,,,
1059,Jan 2009,Jimmy Carter,"Palestine, Peace Not Apartheid",2006,,,
1060,Feb 2009,Tom Shachtman,Skyscraper Dreams,1991,,,
1061,Feb 2009,George Berkeley,Principles of Human Knowledge,1710,,,
1062,Feb 2009,Walter Bagehot,The English Constitution,1867,,,
1063,Mar 2009,Fareed Zakaria,The Post-American World,2008,,,
1064,Apr 2009,Mikhail Sholokhov,And Quiet Flows the Don,1928,,,
1065,Apr 2009,Jonathan Weiner,The Beak of the Finch,1994,,,
1066,Apr 2009,Lao Tzu,Hua Hu Ching,6 centr b.c.,,,
1067,May 2009,Ray Kurzweil,The Singularity Is Near,2005,,,
1068,May 2009,Robert Louis Stevenson,Treasure Island,1883,,,
1069,May 2009,Khaled Hosseini,The Kite Runner,2003,,,
1070,May 2009,Amos Oz,Rhyming Life & Death,2007,,,
1071,Jun 2009,W. Somerset Maugham,The Moon and Sixpence,1919,,,
1072,Jul 2009,Cicero,On the Good Life,60 b.c.,,,
1073,Jul 2009,Zadie Smith,On Beauty,2005,,,
1074,Jul 2009,Carrie Fisher,Wishful Drinking,2008,,,
1075,Aug 2009,Charles Grodin,How I Got to Be Whoever It is I Am,2009,,,
1076,Aug 2009,Edna O'Brien,Byron in Love,2009,,,
1077,Aug 2009,Christopher Isherwod,The Last of Mr. Norris,1935,,,
1078,Aug 2009,Christopher Isherwood,Goodbye to Berlin,1945,,,
1079,Aug 2009,E.M. Forster,Alexandria - A History,1918,,,
1080,Aug 2009,Samuel Richardson,Pamela,1740,,,
1081,Sep 2009,John Cleland,Fanny Hill,1749,,,
1082,Sep 2009,Daniel Defoe,Roxanna,1724,,,
1083,Sep 2009,Giambattista Vico,New Science,1725,,,
1084,Sep 2009,Nora Ephron,I Feel Bad About My Neck,2006,,,
1085,Nov 2009,Jacob Burckhardt,The Civilization of the Renaissance in Italy,1857,,,
1086,Oct 2009,Ivan Goncharov,Oblomov,1859,,,
1087,Nov 2009,Adam Phillips,Darwin’s worms,1999,,,
1088,Nov 2009,D.A.F. Marquis deSade,Justine,1787,,,
1089,Nov 2009,Raymond Postgate,Story of a Year 1848,1956,,,
1090,Nov 2009,Oliver Goldsmith,Essays on Miscellaneous Subjects; with an Inquiry Into the Present State of Polite Learning,1759-1774,,,
1091,Nov 2009,Paul Ryscavage,Income InEquality in America,1999,,,
1092,Dec 2009,Jack London,The SeaWolf,1903,,,
1093,Dec 2009,Akira Iriye,The Origins of the Second World War in Asia and the Pacific,1987,,,
1094,Dec 2009,Jacques Barzun,Race: A Study in Superstition,1937,,,
1095,Dec 2009,George Orwell,Why I Write,"1931-1940, 1946",,,
1096,Dec 2009,Jonathan Swift,A Collection of Genteel and Ingenious Conversation,1754,,,
1097,Jan 2010,Andrew Ross Sorkin,Too Big Too Fail,2009,,,
1098,Jan 2010,Dashielle Hammett,Red Harvest,1929,,,
1099,Feb 2010,Christopher Caldwell,Reflections on the Revolution in Europe,2009,,,
1100,Feb 2010,Polybius,The Rise of the Roman Empire,c.130AD,,,
1101,Mar 2010,Emile Zola,The Drinking Den,1877,,,
1102,Mar 2010,Michael Howard,War in European History,1976,,,
1103,Mar 2010,"John Heileman, Mark Halperin",Game Change,2010,,,
1104,Mar 2010,W.Somerset Maughan,Cakes and Ale,1930,,,
1105,Mar 2010,Sophocles,”Oedipus at Colonus”,410BC,,,
1106,Mar 2010,Jules Feiffer,Backing Into Forward,2011,,,
1107,Apr 2010,Hermann Hesse,The Journey to the East,1959,,,
1108,Apr 2010,Richard Wright,Native Son,1940,,,
1109,May 2010,James Moore,Gurdjieff,1991,,,
1110,Jun 2010,Gregory David Roberts,Shantaram,2003,,,
1111,Jun 2010,David A. Andelman,A Shattered Peace,2008,,,
1112,Jun 2010,Stieg Larsson,The Girl With The Dragon Tattoo,2004,,,
1113,Jun 2010,Billy Collins,Sailing Alone Around The Room,1988-1998,,,
1114,Jul 2010,Charlotte Joko Beck,Nothing Special,1993,,,
1115,Jul 2010,Paulo Coelho,The Alchemist,1988,,,
1116,Jul 2010,Wilkie Collins,The Woman in White,1860,,,
1117,Aug 2010,Kathryn Stockett,The Help,2009,,,
1118,Sep 2010,Ron Chernow,The House of Morgan,1990,,,
1119,Oct 2010,Doug Glanville,The Game From Where I Stand,2010,,,
1120,Oct 2010,"Norman Doidge, M.D.",The Brain That Changes Itself,-,,,
1121,Nov 2010,Louis D. Brandeis,Other People’s Money and How Bankers Use IT,1913,,,
1122,Nov 2010,Jonathan Franzen,How To Be Alone,1994-2002,,,
1123,Nov 2010,Ravi Ravindra,Heart Without Measure,1999,,,
1124,Dec 2010,Agatha Christie,Murder On The Orient Express,1934,,,
1125,Dec 2010,Wilkie Collins,Rambles Beyond Railways,1852,,,
1126,Jan 2011,Martin Cruz Smith,Gorky Park,1981,,,
1127,Feb 2011,James Miller,Examined Lives,2011,,,
1128,Feb 2011,Thomas Mann,Doctor Faustus,1947,,,
1129,Feb 2011,Luigi Pirandello,"One, No One & One Hundred Thousand",1909-1926,,,
1130,Mar 2011,Roderick Frazier Nash,Wilderness & The American Mind,1967,,,
1131,Mar 2011,Sinclair Lewis,Main Street,1920,,,
1132,Apr 2011,John Muir,A Thousand-Mile Walk to The Gulf,1867,,,
1133,Apr 2011,Brian Thomas Swimme & Mary Evelyn Tucker,Journey of the Universe,2011,,,
1134,Apr 2011,Robert Mighall,Poetic Lives: Keats,2009,,,
1135,Apr 2011,David Edwards,John Keats A Beginner’s Guide,2002,,,
1136,Apr 2011,Victor Bockris,Keith Richards The Biography,2003,,,
1137,May 2011,Daniel Defoe,Moll Flanders,1722,,,
1138,May 2011,Michael Soussan,Backstabbing For Beginners,2008,,,
1139,May 2011,Friedrich Nietzsche,Beyond Good and Evil,1886,,,
1140,Jun 2011,Willa Cather,The Song of The Lark,1915,,,
1141,Jun 2011,Honore deBalzac,The Vendetta,1830,,,
1142,Jun 2011,Sara Maitland,A Book of Silence,2008,,,
1143,Jul 2011,Stendhal,Memoirs of An Egotist,1832,,,
1144,Jul 2011,Hugh Trevor-Roper,History and The Enlightenment,2010,,,
1145,Jul 2011,Emile Zola,"For a Night of Love, Nantas, Fasting",1876-78-70,,,
1146,Aug 2011,Yann Martel,Life of Pi,2001,,,
1147,Aug 2011,Don Piper with Cecil Murphy,Ninety Minutes in Heaven,2004,,,
1148,Sep 2011,Sandro Veronesi,Quiet Chaos,2005,,,
1149,Sep 2011,Charles Dickens,Sketches By Boz,1834-36,,,
1150,Oct 2011,Noel Coward,Present Indicative: An Autobiography,1937,,,
1151,Oct 2011,David Browne,Fire and Rain,2011,,,
1152,Nov 2011,Niobe Way,Deep Secrets,2011,,,
1153,Nov 2011,Vladmir Nabokov,Pnin,1953,,,
1154,Dec 2011,Erik Larson,In The Garden Of Beasts,2011,,,
1155,Dec 2011,Elie Wiesel,Night,1958,,,
1156,Jan 2012,Sanford D. Greenberg,Even This,1953,,,
1157,Jan 2012,Nikolai Gogol,The Garden Squabble,1835,,,
1158,Feb 2012,"Albert Goldman, Lawrence Schiller",Ladies and Gentlemen: Lenny Bruce!,1971,,,
1159,Mar 2012,Muriel Barbery,The Elegance of the Hedgehog,2006,,,
1160,Mar 2012,Scotty Bowers,Full Service,2012,,,
1161,Mar 2012,Laura Hillenbrand,Unbroken,2010,,,
1162,Apr 2012,Emile Zola,Nana,1880,,,
1163,Apr 2012,Julie Otsuka,The Buddha in the Attic,2011,,,
1164,Apr 2012,Timothy L. Hoffmann,Gone for a Ride,2007,,,
1165,Jun 2012,E.L. James,Fifty Shades of Grey (Favorite),2011,,,
1166,Jun 2012,Vladimir Nabokov,Pale Fire,1959,,,
1167,Jul 2012,"Benjamin Grahanm, Jason Zweig",The Intelligent Investor,"1949,73, 2003",,,
1168,Jul 2012,P.G. Wodehouse,Uncle Fred in the Springtime,1939,,,
1169,Jul 2012,"Julie Rugg, Linda Murphy",A Book Addict's Treasury,2006,,,
1170,Jul 2012,Graham Greene,The Heart of the Matter,1948,,,
1171,Jul 2012,Johann Wolfgang von Goethe,The Man of Fifty,1818,,,
1172,Aug 2012,Roger Collins,Early Medieval Europe 300-1000,1991,,,
1173,Aug 2012,Tom Wolfe,I Am Charlotte Simmons,2004,,,
1174,Sep 2012,Malcolm Gladwell,blink,2005,,,
1175,Sep 2012,Saul Bellow,Seize the Day,1956,,,
1176,Sep 2012,Lee Hausner,Children of Paradise,1990,,,
1177,Nov 2012,William Carlos Williams,In the American Grain,1925,,,
1178,Nov 2012,Michael Shaara,The Killer Angels,1974,,,
1179,Nov 2012,Elisabeth Tova Bailey,The Sound of a Wild Snail Eating,2010,,,
1180,Dec 2012,Henry Kissinger,On China,2011,,,
1181,Dec 2012,George Eliot,Felix Holt: The Radical,1866,,,
1182,Feb 2013,William Manchester,Winston Spencer Churchill The Last Lion Part 2 - Alone. 1932-40,1988,,,
1183,Feb 2013,Robert D. Kaplan,The Revenge of Geography,2012,,,
1184,Mar 2013,Mario Puzo,The Fortunate Pilgrim,1964,,,
1185,Mar 2013,Nancy Mitford,Voltaire in Love,1957,,,
1186,Mar 2013,David Barash,Revolutionary Biology - The New Gene- Centered View of Life,2001,,,
1187,Apr 2013,Robert K Massie,Catherine the Great,2011,,,
1188,Apr 2013,Elizabeth Bowen,The House in Paris,1935,,,
1189,May 2013,Mason Currey,Daily Rituals - How Artists Work,2013,,,
1190,Jun 2013,Emil Ludwig,Genius and Character,1927,,,
1191,Jul 2013,Phillippe Burrin,France Under the Germans,1995,,,
1192,Aug 2013,Bruno Schultz,The Street of Crocodiles,1934,,,
1193,Aug 2013,Donald Shepherd,Bing Crosby - The Hollow Man,1981,,,
1194,Sep 2013,Barbara K. Tuchman,A Distant Mirror,1978,,,
1195,Oct 2013,Witold Gombrowicz,Cosmos,1967,,,
1196,Nov 2013,Charles C. Mann,1493,2011,,,
1197,Nov 2013,Philip K. Dick,Do Androids Dream of Eletric Sheep?,1968,,,
1198,Dec 2013,Marianne Williamson,The Law of Divine Compensation,2012,,,
1199,Feb 2014,Margaret Macmillan,The War That Ended Peace,2013,,,
1200,Feb 2014,Herman Melville,Benito Cereno,1855,,,
1201,Feb 2014,Anton Chekhov,The Duel,1891,,,
1202,Mar 2014,Don DeLillo,Cosmopolis,2003,,,
1203,May 2014,Victoria Wilson,A Life of Barbara Stanwyck,2013,,,
1204,Jun 2014,Julie Orringer,The Invisible Bridge,2010,,,
1205,Jul 2014,Jonathan Lethem,Dissident Gardens,2013,,,
1206,Aug 2014,"Ernst Fischer, Carol Lipson",Thinking About Science:Max Delbruck & the Origins of Molecular Biology,1988,,,
1207,Aug 2014,Marilynne Robinson,When I Was A Child I Read Books,2012,,,
1208,Aug 2014,Alice Munro,Dear Life,2012,,,
1209,Sep 2014,Louisa May Alcott,Little Women,1868,,,
1210,Sep 2014,J.L. Carr,A Month in the Country,1980,,,
1211,Oct 2014,Henry Kissinger,World Order,2014,,,
1212,Nov 2014,James Fenimore Cooper,The Deerslayer,1841,,,
1213,Dec 2014,Leo Tolstoy,The Kingdom of God is Within You,1893,,,
1214,Jan 2015,Edmund Wilson,The Fifties,1986,,,
1215,Jan 2015,Anjelica Huston,Watch Me,2014,,,
1216,Feb 2015,Phil Klayn,Redeployment,2014,,,
1217,Mar 2015,Ivan Turgenev,Virgin Soil,1877,,,
1218,Jun 2015,Karl Ove Knaussgaard,My Struggle,2009,,,
1219,Jun 2015,Patrick Leigh Fermor,A Time of Gifts,1977,,,
1220,Jul 2015,Randall Jarrell,Pictures From An Institution,1952,,,
1221,Jul 2015,Howard Felperin,In Another Life ,2014,,true,
1222,Jul 2015,Thomas Beer,The Mauve Decade,1926,,,
1223,Sep 2015,Charles Dickens,Little Dorrit,1857,,,
1224,Nov 2015,Judith Viorst,Grown-Up Marriage,2003,,,
1225,Nov 2015,Ron Chernov,Alexander Hamilton,2004,,,
1226,Nov 2015,Jeff Fromm,Marketing to Millennials,2013,,,
1227,Dec 2015,James Gavin,Deep in a Dream. The Long Night of Chet Baker,2002,,,
1228,Dec 2015,Honore de Balzac,The Wrong Side of Paris,1845,,,
1229,Jan 2016,Steve Silberman,NeuroTribes.The Legacy of Autism,2016,,,
1230,Jan 2016,Honore de Balzac,The Human Comedy. selected stories,"1830s,1840s",,,
1231,Jan 2016,Buzz Bissinger,Three Nights in August,2005,,,
1232,Feb 2016,Kostya Kennedy,Pete Rose. An American Dilemma,2016,,,
1233,Mar 2016,Michael Lewis,Moneyball,2003,,,
1234,Apr 2016,Jonathan Franzen,Freedom,2010,,,
1235,May 2016,Morris Dickstein,Why Not Say What Happened,2015,,,
1236,May 2016,Stepen Greenblatt,The Swerve,2011,,,
1237,Jun 2016,William Shakespeare,The Tempest,1611,,,
1238,Jun 2016,Bill Read,The Days of Dylan Thomas,1964,,,
1239,Jul 2016,R.D. Blackmore,Lorna Doone,1869,,,
1240,Jul 2016,Albert Schweitzer,J.S. Bach vol.two.,1911,,,
1241,Aug 2016,Madeline Levine,The Prince of Privilege,2006,,,
1242,Aug 2016,Hilton Als,White Girls,2014,,,
1243,Sep 2016,Barbara Tuchman,The Guns of August,2014,,,
1244,Oct 2016,Mary Karr,The Art of Memoir,2015,,,
1245,Oct 2016,Flannery O'Connor,Everything That Rises Must Converge,1965,,,
1246,Nov 2016,Isaac Bashevis Singer,A Crown of Feathers,1973,,,
1247,Nov 2016,Robert Gottlieb,Avid Reader,2016,,,
1248,Dec 2016,Rabbi Shalom Arush,The Garden of Peace,2008,,,
1249,Jan 2017,Erik Larson,The Devil in the White City,2003,,,
1250,Feb 2017,Paula Hawkins,The Girl on the Train,2015,,,
1251,Mar 2017,Oliver Sacks,The Last Interview,2016,,,
1252,Mar 2017,"Charles Nordhoff, James Norman Hall",Mutiny On the Bounty,1932,,,
1253,Mar 2017,John Sutherland,A Little History Of Literature,2013,,,
1254,Apr 2017,Frances Kroll Ring,Against The Current,1985,,,
1255,Apr 2017,James Baldwin,Giovanni's Room,1956,,,
1256,Apr 2017,Jimmy Webb,The Cake And The Rain,2017,,,
1257,Apr 2017,J.D. Salinger,The Last Interview,2016,,,
1258,Apr 2017,Timothy Snyder,On Tyranny,2017,,,
1259,Jun 2017,Donald Trump,Trump The Art of the Deal,1986,,,
1260,Jun 2017,Joseph J. Ellis,American Sphinx (The Character Of Thomas Jefferson),1996,,,
1261,Jun 2017,James Baldwin,The Fire Next Time,1962,,,
1262,Jul 2017,John Julius Norwich,Four Princes,2016,,,
1263,Aug 2017,Lisa Hilton,Elizabeth,2014,,,
1264,Aug 2017,Erich Maria Remarque,All Quiet On The Western Front,1928,,,
1265,Sep 2017,Friedrich Nietzsche,Anti-Education,1872,,,
1266,Sep 2017,Al Franken,Giant Of The Senate,2017,,,
1267,Oct 2017,Elena Ferrante,The Days Of Abandonment,2002,,,
1268,Oct 2017,Fyodor Dostoyevsky,Netochka Nezvanova,1849,,,
1269,Dec 2017,Franz Kafka,Konundrum,C.1914,,,
1270,Dec 2017,Elizabeth Strout,My Name Is Lucy Barton,2016,,,
1271,Dec 2017,Marcus Tullius Cicero,How To Grow Old,44 BC,,,
1272,Jan 2018,Domenico Starnone,Ties,2014,,,
1273,Feb 2018,Michael Wolff,Fire and Fury,2018,,,
1274,May 2018,Craig Pittman,Oh Florida!,2016,,,
1275,Jun 2018,Madeline Albright,Facism - a warning,2018,,,
1276,Jun 2018,Adele Faber & Elaine Mazlish,How to Talk So Kids Will Listen & How to Listen So Kids Will Talk,1980,,,
1277,Jun 2018,John Steinbeck,Of Mice and Men,1937,,,
1278,Jun 2018,Julian Barnes,The Sense of an Ending,2011,,,
1279,Jul 2018,Robert Hilburn,"Paul Simon, The Life",2018,,,
1280,Aug 2018,J. Edgar Hoover,Masters of Deceit,1958,,,
1281,Aug 2018,Gabriel Garcia Marquez,The Story of a Shipwrecked Sailor,1986,,,
1282, ,Peter Catapano,Modern Ethics in 77 Arguments,2017,,,
1283, ,Ruth Bader Ginsburg,In Her Own Words,2018,,,
1284, ,Bob Woodward,Fear,2013,,,
1285, ,Ayn Rand,The Fountainhead,1943,,true,
1286, ,Robert Parker,The Widening Gyre,1983,,,
1287, ,Anthony Doerr,All the Light We Cannot See,2014,,true,
1288, ,Alan Jacobs,How to Think,2017,,,
1289, ,Cormac McCarthy,The Road,2006,,true,
1290, ,Bill O'Reilly,Killing the SS,2018,,,
1291, ,Stephen Kinzer,The True Flag,2017,,true,
1292, ,Marianne Williamson,Healing the Soul of America,1997,,,
1293, ,Eric Kandel,The Disordered Mind,2018,,,
1294, ,Bill Bryson,A Walk in the Woods,1981,,,
1295, ,Naomi Klein,No Is Not Enough,2017,,,
1296, ,Paul Collins,Duel With The Devil,2013,,,
1297, ,Cliff Sims,Team of Vipers,2019,,,
1298, ,"Jim Mattis, Bing West",Call Sign Chaos,2019,,,
1299, ,Margaret Attwood,The Handmaid's Tale,1986,,,
1300,2019,Gelett Burgess,Have You an Educated Heart, ,,,
1301,2020,David Talbot,"The Devil’s Chessboard, Allen Dulles, the CIA and the Rise of America’s Secret Government",2015,,,
1302,2020,Erik Larson,The Splendid and the Vile,2020,,,
1303,2020,Viktor E. Frankl,Yes to Life,2019,,,
1304,2020,Sanford David Greenberg,"Hello Darkness, My Old Friend",2020,,,
1305,2020,Mary L. Trump,Too Much and Never Enough,2020,,,
1306,2020,Doris Kearns Goodwin,Leadership,2020,,,
1307,2020,David Mikie,Stanley Kubrick,2020,,,
1308,2020,Julie Satow,The Plaza,2019,,,
1309,2020,Ash Carter and Sam Kashner,Life Isn’t Everything – Mike Nichols as Remembered by 150 of His Closest Friends ,2019,,,
1310,2021,Ruth Ben-Ghiat,Strongmen (Mussolini to the Present) ,2019,,,
1315 ,Jul 2021 ,Mike Nichols A Life ,Mark Harris ,2021,,,
1316 ,Aug 2021 ,David S. Brown ,The Last American Aristocrat ,2020,,,
1317 ,Sep 2021 ,P.G.Wodehouse ,Jeeves and the Feudal Sprit ,1954,,,
1318 ,Sep 2021 ,Margaret MacMillan ,Paris ,1919,,,
1319 ,Sep 2021 ,Charles Terry ,The Music of Bach ,1963,,,
1320 ,Oct 2021 ,Bernard Shaw ,Pygmalion ,1913,,,
1321 ,Oct 2021 ,Jo Giese ,Never Sit if You Can Dance ,2019,,,
1322 ,Oct 2021 ,"Bob Woodward, Robert Costa ",Peril ,2021,,,
1323 ,Dec 2021 ,Amor Towles ,A Gentleman in Moscow ,2016,,,
1324 ,Dec 2021 ,Mel Brooks ,All About Me! ,2021 ,,,
 1325 ,Jan 2022 ,James Michener ,Caravans ,1963,,,
1326 ,Jan 2022 ,Abraham Lincoln ,The Spiritual Growth of a Republic Man,1973,,,
1327,Feb 2022 ,Joe Scarborough ,Saving Freedom,2020,,,
1328,Feb 2022 ,Steve Sheinkin ,The Notorious Benedict Arnold,2010,,,
1329,Feb 2022 ,Rodrigo Garcia ,A Farewell to Gabo and Mercedes ,2021,,,
1330,Feb 2022 ,Matt Haig ,The Midnight Library,2020,,true,
1331,Mar 2022 ,Sebastian Faulks ,Birdsong,1993,,,
1332,May 2022 ,Garry Kasparov ,Winter is Coming,2015,,,
